Sample Name,agent
GSM7413358,control
GSM7413359,control
GSM7413360,control
GSM7413361,Salt stress
GSM7413362,Salt stress
GSM7413363,Salt stress
GSM7413364,Salt stress
GSM7413365,Salt stress
GSM7413366,Salt stress
GSM7413367,Salt stress
GSM7413368,Salt stress
GSM7413369,Salt stress
GSM7413370,Salt stress
GSM7413371,Salt stress
GSM7413372,Salt stress
GSM7413373,Salt stress
GSM7413374,Salt stress
GSM7413375,Salt stress
GSM7413376,control
GSM7413377,control
GSM7413378,control
GSM7413379,Salt stress
GSM7413380,Salt stress
GSM7413381,Salt stress
GSM7413382,Salt stress
GSM7413383,Salt stress
GSM7413384,Salt stress
GSM7413385,Salt stress
GSM7413386,Salt stress
GSM7413387,Salt stress
GSM7413388,Salt stress
GSM7413389,Salt stress
GSM7413390,Salt stress
GSM7413391,Salt stress
GSM7413392,Salt stress
GSM7413393,Salt stress
