From,To,Species,Gene Name,,,,,,,,Gene stable ID,,,,Elements only in List 1 :
101244280,Solyc04g077010.3,Solanum lycopersicum,receptor-like protein kinase(SPFF),,,,,,,,Solyc11g012510.2,,,,Solyc09g005000.1
101247551,Solyc09g005660.3,Solanum lycopersicum,uncharacterized LOC101247551(LOC101247551),,,,,,,,Solyc01g100200.3,,,,Solyc03g112310.1
101261619,Solyc04g072700.3,Solanum lycopersicum,heavy metal-associated isoprenylated plant protein 24(LOC101261619),,,,,,,,Solyc04g064550.1,,,,
101245130,Solyc12g006930.2,Solanum lycopersicum,"palmitoyl-acyl carrier protein thioesterase, chloroplastic(LOC101245130)",,,,,,,,Solyc01g099590.3,,,,
101258203,Solyc01g109110.3,Solanum lycopersicum,extra-large guanine nucleotide-binding protein 1-like(LOC101258203),,,,,,,,Solyc01g079200.3,,,,
101255178,Solyc12g045030.2,Solanum lycopersicum,3-oxoacyl-[acyl-carrier-protein] reductase FabG(LOC101255178),,,,,,,,Solyc08g077210.3,,,,
101259536,Solyc04g077850.3,Solanum lycopersicum,U-box domain-containing protein 4(LOC101259536),,,,,,,,Solyc07g006500.3,,,,
101258448,Solyc03g119810.1,Solanum lycopersicum,uncharacterized LOC101258448(LOC101258448),,,,,,,,Solyc01g009860.3,,,,
101248884,Solyc06g076130.3,Solanum lycopersicum,TONNEAU1 recruiting motif 16/32a(TRM16/32a),,,,,,,,Solyc07g063940.2,,,,
101249973,Solyc10g081980.2,Solanum lycopersicum,NDR1/HIN1-like protein 3(LOC101249973),,,,,,,,Solyc07g040960.1,,,,
101244048,Solyc02g093110.3,Solanum lycopersicum,SUMO-conjugating enzyme SCE1(LOC101244048),,,,,,,,Solyc02g086930.3,,,,
101257588,Solyc08g075020.3,Solanum lycopersicum,pectin acetylesterase 8-like(LOC101257588),,,,,,,,Solyc03g033540.3,,,,
100736505,Solyc09g014900.3,Solanum lycopersicum,cytochrome P450 71 family protein(LOC100736505),,,,,,,,Solyc03g082690.3,,,,
101255162,Solyc02g071280.3,Solanum lycopersicum,uncharacterized LOC101255162(LOC101255162),,,,,,,,Solyc03g096670.3,,,,
101267179,Solyc10g085970.2,Solanum lycopersicum,protein MODIFIER OF SNC1 11(LOC101267179),,,,,,,,Solyc01g095630.3,,,,
101268268,Solyc03g112230.3,Solanum lycopersicum,protein NBR1 homolog(LOC101268268),,,,,,,,Solyc09g014900.3,,,,
101249721,Solyc00g136560.3,Solanum lycopersicum,dehydrodolichyl diphosphate synthase 2-like(LOC101249721),,,,,,,,Solyc02g093150.3,,,,
101244060,Solyc03g033410.3,Solanum lycopersicum,E2 ubiquitin-conjugating enzyme(UBC11),,,,,,,,Solyc03g116390.3,,,,
101257377,Solyc05g041200.3,Solanum lycopersicum,4-hydroxyphenylpyruvate dioxygenase-like(LOC101257377),,,,,,,,Solyc05g056040.3,,,,
101255191,Solyc04g005250.3,Solanum lycopersicum,DNA (cytosine-5)-methyltransferase(DRM7),,,,,,,,Solyc06g053290.1,,,,
100736534,Solyc02g093150.3,Solanum lycopersicum,APETALA2-like protein AP2c(AP2c),,,,,,,,Solyc04g082020.3,,,,
544290,Solyc02g085610.3,Solanum lycopersicum,G-box binding protein(GBF4),,,,,,,,Solyc02g063410.3,,,,
101249999,Solyc03g095310.3,Solanum lycopersicum,cytochrome P450 714A1-like(LOC101249999),,,,,,,,Solyc10g085130.2,,,,
101260997,Solyc03g005450.3,Solanum lycopersicum,cellulose synthase-like protein G2(LOC101260997),,,,,,,,Solyc06g062670.3,,,,
544056,Solyc02g084850.3,Solanum lycopersicum,TAS14 peptide (AA 1-130)(TAS14),,,,,,,,Solyc02g093110.3,,,,
101268236,Solyc10g078440.1,Solanum lycopersicum,uncharacterized LOC101268236(LOC101268236),,,,,,,,Solyc08g068860.3,,,,
101248665,Solyc04g005610.3,Solanum lycopersicum,NAC domain-containing protein 2(NAP2),,,,,,,,Solyc11g010500.1,,,,
544052,Solyc07g049530.3,Solanum lycopersicum,1-aminocyclopropane-1-carboxylate oxidase 1(ACO1),,,,,,,,Solyc03g093800.1,,,,
544297,Solyc03g007960.3,Solanum lycopersicum,beta-carotene hydroxylase(CrtR-b2),,,,,,,,Solyc08g068870.3,,,,
101248894,Solyc07g065680.3,Solanum lycopersicum,WEB family protein At5g55860(LOC101248894),,,,,,,,Solyc09g010280.3,,,,
101252910,Solyc08g077560.3,Solanum lycopersicum,probable serine/threonine-protein kinase PBL19(LOC101252910),,,,,,,,Solyc01g109810.2,,,,
101250974,Solyc03g098100.3,Solanum lycopersicum,aldo-keto reductase 4B(AKR4B),,,,,,,,Solyc02g090820.3,,,,
101251820,Solyc10g008880.3,Solanum lycopersicum,transcription factor VOZ1(LOC101251820),,,,,,,,Solyc02g064770.3,,,,
101259548,Solyc06g071810.1,Solanum lycopersicum,leucine-rich repeat receptor-like serine/threonine/tyrosine-protein kinase SOBIR1(LOC101259548),,,,,,,,Solyc05g007770.3,,,,
101261854,Solyc09g074280.1,Solanum lycopersicum,putative ankyrin repeat protein RF_0381(LOC101261854),,,,,,,,Solyc02g062580.3,,,,
101245149,Solyc04g006970.3,Solanum lycopersicum,phosphoenolpyruvate carboxylase(PEPC1),,,,,,,,Solyc08g067410.2,,,,
101261818,Solyc05g054570.3,Solanum lycopersicum,phosphatidylinositol/phosphatidylcholine transfer protein SFH12(LOC101261818),,,,,,,,Solyc08g082870.3,,,,
101260726,Solyc05g008390.3,Solanum lycopersicum,uncharacterized LOC101260726(LOC101260726),,,,,,,,Solyc11g066740.2,,,,
101250923,Solyc09g064820.1,Solanum lycopersicum,EID1-like F-box protein 3(LOC101250923),,,,,,,,Solyc03g116480.1,,,,
101256463,Solyc03g122120.3,Solanum lycopersicum,"3-oxoacyl-[acyl-carrier-protein] synthase II, chloroplastic-like(LOC101256463)",,,,,,,,Solyc04g072640.3,,,,
101264093,Solyc02g079570.3,Solanum lycopersicum,uncharacterized LOC101264093(LOC101264093),,,,,,,,Solyc02g083400.3,,,,
101257315,Solyc01g112230.3,Solanum lycopersicum,metallothionein-like protein 4B(LOC101257315),,,,,,,,Solyc12g019740.2,,,,
101258887,Solyc08g077330.3,Solanum lycopersicum,expansin-like B1(LOC101258887),,,,,,,,Solyc08g076880.3,,,,
101265189,Solyc02g088620.3,Solanum lycopersicum,membrane-anchored ubiquitin-fold protein 2(LOC101265189),,,,,,,,Solyc06g060910.2,,,,
101260974,Solyc10g005100.3,Solanum lycopersicum,plasma membrane-associated cation-binding protein 1(LOC101260974),,,,,,,,Solyc08g078060.3,,,,
101267365,Solyc10g080670.2,Solanum lycopersicum,uncharacterized LOC101267365(LOC101267365),,,,,,,,Solyc08g081680.2,,,,
101247995,Solyc03g094160.3,Solanum lycopersicum,metacaspase-1-like(LOC101247995),,,,,,,,Solyc08g076870.1,,,,
101260970,Solyc01g094770.3,Solanum lycopersicum,ATG8-interacting protein 1(LOC101260970),,,,,,,,Solyc03g093890.3,,,,
101244006,Solyc06g062670.3,Solanum lycopersicum,zinc finger family protein(LOC101244006),,,,,,,,Solyc12g095810.2,,,,
101268459,Solyc12g089000.2,Solanum lycopersicum,probable E3 ubiquitin-protein ligase ARI2(LOC101268459),,,,,,,,Solyc09g014860.3,,,,
101252097,Solyc07g047960.3,Solanum lycopersicum,WRKY transcription factor 1(LOC101252097),,,,,,,,Solyc02g094030.3,,,,
101255122,Solyc01g010480.3,Solanum lycopersicum,protein TWIN LOV 1-like(LOC101255122),,,,,,,,Solyc04g077050.3,,,,
101258872,Solyc07g024000.3,Solanum lycopersicum,"probable chlorophyll(ide) b reductase NYC1, chloroplastic(LOC101258872)",,,,,,,,Solyc06g010060.1,,,,
101255369,Solyc12g017370.2,Solanum lycopersicum,myb family transcription factor APL(LOC101255369),,,,,,,,Solyc01g095270.3,,,,
101258870,Solyc07g006280.3,Solanum lycopersicum,tetraspanin-8-like protein(LOC101258870),,,,,,,,Solyc07g062400.3,,,,
101250904,Solyc07g032480.3,Solanum lycopersicum,cyclin-T1-3(LOC101250904),,,,,,,,Solyc08g075880.3,,,,
101254270,Solyc11g072660.2,Solanum lycopersicum,probable serine/threonine-protein kinase PBL7(LOC101254270),,,,,,,,Solyc02g094000.1,,,,
101256691,Solyc07g063110.3,Solanum lycopersicum,beta-glucuronosyltransferase GlcAT14B(LOC101256691),,,,,,,,Solyc05g013720.3,,,,
101245564,Solyc07g062400.3,Solanum lycopersicum,multiprotein bridging factor 1c(MBF1c),,,,,,,,Solyc03g025970.3,,,,
101245564,Solyc12g014290.2,Solanum lycopersicum,multiprotein bridging factor 1c(MBF1c),,,,,,,,Solyc09g075140.3,,,,
101248835,Solyc02g077080.3,Solanum lycopersicum,protein trichome birefringence-like 38(LOC101248835),,,,,,,,Solyc06g065560.2,,,,
101261835,Solyc07g040990.3,Solanum lycopersicum,protein phosphatase 2C ABI2(ABI2),,,,,,,,Solyc01g073660.3,,,,
101258429,Solyc02g077880.3,Solanum lycopersicum,auxin repressed/dormancy associated protein(LOC101258429),,,,,,,,Solyc11g011760.2,,,,
101260946,Solyc06g076750.3,Solanum lycopersicum,protein NRT1/ PTR FAMILY 8.1(LOC101260946),,,,,,,,Solyc07g063470.1,,,,
101256003,Solyc06g076960.2,Solanum lycopersicum,protein EARLY FLOWERING 4-like(LOC101256003),,,,,,,,Solyc01g087180.3,,,,
101255390,Solyc04g076340.3,Solanum lycopersicum,uncharacterized LOC101255390(LOC101255390),,,,,,,,Solyc12g089180.2,,,,
101250935,Solyc01g111980.3,Solanum lycopersicum,lysine histidine transporter-like 8(LOC101250935),,,,,,,,Solyc07g008150.3,,,,
101257330,Solyc02g070020.1,Solanum lycopersicum,UDP-glycosyltransferase 91C1-like(LOC101257330),,,,,,,,Solyc02g064680.3,,,,
101246203,Solyc11g018690.2,Solanum lycopersicum,ABC transporter G family member 63(LOC101246203),,,,,,,,Solyc05g053090.2,,,,
101246202,Solyc11g011760.2,Solanum lycopersicum,uncharacterized LOC101246202(LOC101246202),,,,,,,,Solyc06g074620.3,,,,
101268432,Solyc01g097790.3,Solanum lycopersicum,uncharacterized LOC101268432(LOC101268432),,,,,,,,Solyc02g071980.3,,,,
101247773,Solyc02g092990.1,Solanum lycopersicum,F-box protein SKIP2(LOC101247773),,,,,,,,Solyc03g116890.3,,,,
544099,Solyc11g017010.2,Solanum lycopersicum,sucrose transport protein(LeSUT1),,,,,,,,Solyc07g006890.1,,,,
101246688,Solyc02g064680.3,Solanum lycopersicum,"calcium-transporting ATPase 2, plasma membrane-type-like(LOC101246688)",,,,,,,,Solyc07g044990.3,,,,
101245341,Solyc00g011890.3,Solanum lycopersicum,L-arabinokinase-like(LOC101245341),,,,,,,,Solyc07g042230.1,,,,
101255144,Solyc10g006540.3,Solanum lycopersicum,formin-like protein 5(LOC101255144),,,,,,,,Solyc06g048520.3,,,,
101265172,Solyc10g008280.3,Solanum lycopersicum,probable serine/threonine-protein kinase At1g54610(LOC101265172),,,,,,,,Solyc09g007790.1,,,,
101259504,Solyc02g077780.3,Solanum lycopersicum,MACPF domain-containing protein NSL1(LOC101259504),,,,,,,,Solyc02g091930.3,,,,
101266268,Solyc10g009340.1,Solanum lycopersicum,calcium-binding protein KIC(LOC101266268),,,,,,,,Solyc04g078550.3,,,,
101249706,Solyc11g069050.2,Solanum lycopersicum,4-coumarate--CoA ligase-like 7(LOC101249706),,,,,,,,Solyc05g013750.3,,,,
101248619,Solyc01g100490.3,Solanum lycopersicum,nicotianamine synthase-like(CHLN),,,,,,,,Solyc09g014750.1,,,,
101055512,Solyc11g066020.2,Solanum lycopersicum,Hop-interacting protein THI012(LOC101055512),,,,,,,,Solyc10g018120.2,,,,
101257561,Solyc05g009520.1,Solanum lycopersicum,uncharacterized LOC101257561(LOC101257561),,,,,,,,Solyc03g121360.1,,,,
101268200,Solyc07g055260.3,Solanum lycopersicum,DNAJ heat shock N-terminal domain-containing protein(LOC101268200),,,,,,,,Solyc10g078590.2,,,,
101248614,Solyc09g089880.3,Solanum lycopersicum,"electron transfer flavoprotein subunit beta, mitochondrial(LOC101248614)",,,,,,,,Solyc01g091030.3,,,,
101267355,Solyc01g102300.3,Solanum lycopersicum,transcription factor PIF3(LOC101267355),,,,,,,,Solyc01g079650.3,,,,
101244012,Solyc07g032740.3,Solanum lycopersicum,"aspartate aminotransferase, cytoplasmic(LOC101244012)",,,,,,,,Solyc01g087240.3,,,,
101267118,Solyc05g056480.3,Solanum lycopersicum,"2-oxoisovalerate dehydrogenase subunit alpha 2, mitochondrial(LOC101267118)",,,,,,,,Solyc08g077900.3,,,,
104648424,Solyc07g043250.1,Solanum lycopersicum,VQ motif-containing protein 22(LOC104648424),,,,,,,,Solyc09g082230.1,,,,
101265380,Solyc02g014860.3,Solanum lycopersicum,"chaperone protein dnaJ C76, chloroplastic(LOC101265380)",,,,,,,,Solyc07g063420.3,,,,
101247719,Solyc05g015610.3,Solanum lycopersicum,histidine kinase 3(LOC101247719),,,,,,,,Solyc02g092990.1,,,,
101268894,Solyc08g068850.3,Solanum lycopersicum,uncharacterized LOC101268894(LOC101268894),,,,,,,,Solyc04g009960.3,,,,
778364,Solyc03g114600.3,Solanum lycopersicum,alternaria stem canker resistance protein(Asc-1),,,,,,,,Solyc06g008620.1,,,,
101259925,Solyc12g089160.2,Solanum lycopersicum,probable LRR receptor-like serine/threonine-protein kinase At2g16250(LOC101259925),,,,,,,,Solyc06g066680.3,,,,
101259923,Solyc03g097120.3,Solanum lycopersicum,heat stress transcription factor A-1(LOC101259923),,,,,,,,Solyc02g083280.3,,,,
101255324,Solyc08g075280.3,Solanum lycopersicum,uncharacterized LOC101255324(LOC101255324),,,,,,,,Solyc03g094160.3,,,,
101266245,Solyc08g068690.1,Solanum lycopersicum,tyramine N-feruloyltransferase 4/11(LOC101266245),,,,,,,,Solyc07g063410.3,,,,
101244435,Solyc02g090820.3,Solanum lycopersicum,heat stress transcription factor HsfB1(HSTF24),,,,,,,,Solyc02g092970.3,,,,
101256208,Solyc08g075710.3,Solanum lycopersicum,probable polyamine transporter At1g31830(LOC101256208),,,,,,,,Solyc02g082060.2,,,,
544207,Solyc06g060110.3,Solanum lycopersicum,amino acid transporter(AAP2),,,,,,,,Solyc06g034290.3,,,,
101256209,Solyc08g075150.3,Solanum lycopersicum,uncharacterized LOC101256209(LOC101256209),,,,,,,,Solyc08g067630.3,,,,
101258862,Solyc05g052520.3,Solanum lycopersicum,putative protein phosphatase 2C 53(LOC101258862),,,,,,,,Solyc10g009020.3,,,,
778350,Solyc01g067710.3,Solanum lycopersicum,(Sodium/potassium)/proton exchanger 3(nhx3),,,,,,,,Solyc03g117950.3,,,,
101247735,Solyc07g063420.3,Solanum lycopersicum,NAC domain transcription factor(NAC4),,,,,,,,Solyc08g062360.3,,,,
101244691,Solyc08g067410.2,Solanum lycopersicum,3-ketoacyl-CoA synthase 11-like(LOC101244691),,,,,,,,Solyc05g007890.3,,,,
101244450,Solyc02g064770.3,Solanum lycopersicum,probable esterase KAI2(LOC101244450),,,,,,,,Solyc01g103920.3,,,,
101259942,Solyc06g075360.3,Solanum lycopersicum,tetraspanin-3(LOC101259942),,,,,,,,Solyc10g046970.2,,,,
101264048,Solyc01g005930.3,Solanum lycopersicum,uncharacterized LOC101264048(LOC101264048),,,,,,,,Solyc12g005860.2,,,,
101249904,Solyc03g117890.3,Solanum lycopersicum,uncharacterized LOC101249904(LOC101249904),,,,,,,,Solyc09g089880.3,,,,
101244694,Solyc08g082870.3,Solanum lycopersicum,NAD(P)-binding Rossmann-fold superfamily protein(LOC101244694),,,,,,,,Solyc01g100490.3,,,,
544200,Solyc11g072310.2,Solanum lycopersicum,gibberellin 20-oxidase-3(20ox-3),,,,,,,,Solyc04g005610.3,,,,
101256625,Solyc01g067000.3,Solanum lycopersicum,protein SRC2-like(LOC101256625),,,,,,,,Solyc01g099370.3,,,,
778336,Solyc02g081170.3,Solanum lycopersicum,plastid lipid associated protein CHRC(ChrC),,,,,,,,Solyc03g119250.3,,,,
101250084,Solyc03g007260.3,Solanum lycopersicum,cyclic nucleotide-gated ion channel 1(LOC101250084),,,,,,,,Solyc05g052980.3,,,,
101256620,Solyc09g005120.3,Solanum lycopersicum,dnaJ protein ERDJ3A(LOC101256620),,,,,,,,Solyc06g076130.3,,,,
101253115,Solyc09g011030.3,Solanum lycopersicum,hsp70-binding protein 1(LOC101253115),,,,,,,,Solyc07g065680.3,,,,
101244408,Solyc09g010280.3,Solanum lycopersicum,uncharacterized LOC101244408(LOC101244408),,,,,,,,Solyc02g088270.3,,,,
544031,Solyc01g095140.3,Solanum lycopersicum,ethylene-responsive late embryogenesis-like protein(ER5),,,,,,,,Solyc03g115920.3,,,,
544033,Solyc07g019440.3,Solanum lycopersicum,ADP-glucose pyrophosphorylase large subunit(AGP-S2),,,,,,,,Solyc02g069260.3,,,,
100316887,Solyc03g082690.3,Solanum lycopersicum,U-box domain-containing protein 43(LOC100316887),,,,,,,,Solyc09g075020.3,,,,
101252257,Solyc12g017230.2,Solanum lycopersicum,uncharacterized protein At4g26450-like(LOC101252257),,,,,,,,Solyc09g089940.1,,,,
778320,Solyc08g075370.3,Solanum lycopersicum,uncharacterized LOC778320(LOC778320),,,,,,,,Solyc02g069250.3,,,,
100316895,Solyc03g096670.3,Solanum lycopersicum,protein phosphatase 2C AHG3 homolog(PP2C-2),,,,,,,,Solyc01g095460.3,,,,
100316894,Solyc03g121880.3,Solanum lycopersicum,protein phosphatase 2C ABI2 homolog(PP2C-1),,,,,,,,Solyc07g008280.3,,,,
101254670,Solyc03g095710.3,Solanum lycopersicum,alpha-amylase(LOC101254670),,,,,,,,Solyc08g005610.3,,,,
101265590,Solyc01g106000.3,Solanum lycopersicum,nicotinamidase 1(LOC101265590),,,,,,,,Solyc09g092430.3,,,,
101253341,Solyc02g082900.3,Solanum lycopersicum,protein STRICTOSIDINE SYNTHASE-LIKE 6(LOC101253341),,,,,,,,Solyc06g060840.1,,,,
101244637,Solyc02g062580.3,Solanum lycopersicum,"lipid phosphate phosphatase epsilon 2, chloroplastic(LOC101244637)",,,,,,,,Solyc02g090490.3,,,,
101268860,Solyc04g005380.3,Solanum lycopersicum,ninja-family protein AFP3(LOC101268860),,,,,,,,Solyc11g069050.2,,,,
101250071,Solyc02g086860.3,Solanum lycopersicum,CASP-like protein 4A3(LOC101250071),,,,,,,,Solyc03g114160.1,,,,
101267530,Solyc06g050810.3,Solanum lycopersicum,protein LURP-one-related 14-like(LOC101267530),,,,,,,,Solyc03g117890.3,,,,
101246812,Solyc03g116890.3,Solanum lycopersicum,probable WRKY transcription factor 40(LOC101246812),,,,,,,,Solyc10g081980.2,,,,
544264,Solyc03g044790.3,Solanum lycopersicum,methylesterase(LOC544264),,,,,,,,Solyc03g095310.3,,,,
544009,Solyc03g122340.3,Solanum lycopersicum,"linoleate 13S-lipoxygenase 3-1, chloroplastic(loxD)",,,,,,,,Solyc06g066600.3,,,,
778314,Solyc01g105270.3,Solanum lycopersicum,tobamovirus multiplication 1 homolog 2(TH2),,,,,,,,Solyc03g007260.3,,,,
101256409,Solyc01g057000.3,Solanum lycopersicum,universal stress protein(USP),,,,,,,,Solyc03g114150.3,,,,
101251195,Solyc06g084320.1,Solanum lycopersicum,EID1-like F-box protein 3(LOC101251195),,,,,,,,Solyc11g020230.1,,,,
101254223,Solyc08g067960.3,Solanum lycopersicum,probable E3 ubiquitin-protein ligase RZFP34(LOC101254223),,,,,,,,Solyc12g005910.2,,,,
101255313,Solyc07g066560.1,Solanum lycopersicum,auxin-responsive protein SAUR71(LOC101255313),,,,,,,,Solyc12g010430.1,,,,
101244426,Solyc01g109810.2,Solanum lycopersicum,uncharacterized LOC101244426(LOC101244426),,,,,,,,Solyc01g088760.3,,,,
101246841,Solyc07g042230.1,Solanum lycopersicum,ethylene response factor H.9(ERF-H9),,,,,,,,Solyc06g072130.3,,,,
101246840,Solyc07g044990.3,Solanum lycopersicum,transmembrane protein 56(LOC101246840),,,,,,,,Solyc07g006370.1,,,,
101267981,Solyc03g111100.1,Solanum lycopersicum,uncharacterized LOC101267981(LOC101267981),,,,,,,,Solyc12g098900.2,,,,
104648246,Solyc07g007150.1,Solanum lycopersicum,uncharacterized LOC104648246(LOC104648246),,,,,,,,Solyc11g020280.2,,,,
101267985,Solyc04g007900.3,Solanum lycopersicum,protein PLANT CADMIUM RESISTANCE 2(LOC101267985),,,,,,,,Solyc07g032480.3,,,,
101267743,Solyc01g103540.3,Solanum lycopersicum,YTH domain-containing family protein 1(LOC101267743),,,,,,,,Solyc09g064820.1,,,,
544250,Solyc02g086880.3,Solanum lycopersicum,formate dehydrogenase(fdh),,,,,,,,Solyc01g111980.3,,,,
544010,Solyc08g078070.3,Solanum lycopersicum,small GTP-binding protein(Rab1A),,,,,,,,Solyc06g051360.3,,,,
101253128,Solyc01g089880.3,Solanum lycopersicum,uncharacterized LOC101253128(LOC101253128),,,,,,,,Solyc03g019820.3,,,,
101252276,Solyc04g005860.3,Solanum lycopersicum,uncharacterized LOC101252276(LOC101252276),,,,,,,,Solyc06g084320.1,,,,
101257964,Solyc05g007220.3,Solanum lycopersicum,F-box/kelch-repeat protein At1g26930(LOC101257964),,,,,,,,Solyc09g007530.3,,,,
101263158,Solyc01g096340.3,Solanum lycopersicum,auxin-responsive protein SAUR32(LOC101263158),,,,,,,,Solyc10g076810.1,,,,
101246836,Solyc07g006890.1,Solanum lycopersicum,cytochrome P450 94A1-like(LOC101246836),,,,,,,,Solyc02g086800.3,,,,
101264483,Solyc02g071750.3,Solanum lycopersicum,cyclic phosphodiesterase(LOC101264483),,,,,,,,Solyc07g014670.3,,,,
101244894,Solyc08g076880.3,Solanum lycopersicum,uncharacterized LOC101244894(LOC101244894),,,,,,,,Solyc03g123370.3,,,,
100316879,Solyc03g033540.3,Solanum lycopersicum,calcium-dependent protein kinase(LOC100316879),,,,,,,,Solyc02g088090.1,,,,
101265337,Solyc05g046310.3,Solanum lycopersicum,uncharacterized LOC101265337(LOC101265337),,,,,,,,Solyc02g085600.1,,,,
101055592,Solyc06g053290.1,Solanum lycopersicum,auxin-responsive protein SAUR32(LOC101055592),,,,,,,,Solyc06g008760.1,,,,
104644345,Solyc05g013060.3,Solanum lycopersicum,uncharacterized LOC104644345(LOC104644345),,,,,,,,Solyc07g040890.1,,,,
104645678,Solyc02g092090.2,Solanum lycopersicum,bZIP transcription factor 2(LOC104645678),,,,,,,,Solyc10g008880.3,,,,
543654,Solyc10g079820.2,Solanum lycopersicum,dehydration-induced protein ERD15(LOC543654),,,,,,,,Solyc11g007510.2,,,,
101254880,Solyc03g083420.3,Solanum lycopersicum,"probable plastid-lipid-associated protein 14, chloroplastic(LOC101254880)",,,,,,,,Solyc04g005860.3,,,,
101253551,Solyc11g008800.2,Solanum lycopersicum,type II inositol polyphosphate 5-phosphatase 15(LOC101253551),,,,,,,,Solyc11g065920.2,,,,
112940024,Solyc05g006870.3,Solanum lycopersicum,thioredoxin H4-like(LOC112940024),,,,,,,,Solyc03g095510.3,,,,
101266639,Solyc05g050930.2,Solanum lycopersicum,protein GRAVITROPIC IN THE LIGHT 1(LOC101266639),,,,,,,,Solyc05g050220.3,,,,
101244843,Solyc12g019740.2,Solanum lycopersicum,"thioredoxin-like 1-1, chloroplastic(LOC101244843)",,,,,,,,Solyc08g081300.3,,,,
101266879,Solyc10g075150.2,Solanum lycopersicum,non-specific lipid-transfer protein 2(LOC101266879),,,,,,,,Solyc09g076040.3,,,,
101249045,Solyc11g072470.2,Solanum lycopersicum,LOB domain-containing protein 1(LOC101249045),,,,,,,,Solyc04g071870.1,,,,
101254878,Solyc03g058970.3,Solanum lycopersicum,probable galactinol--sucrose galactosyltransferase 2(LOC101254878),,,,,,,,Solyc11g069180.2,,,,
104645665,Solyc02g093890.1,Solanum lycopersicum,uncharacterized LOC104645665(LOC104645665),,,,,,,,Solyc12g088190.2,,,,
101255726,Solyc09g005200.3,Solanum lycopersicum,uncharacterized LOC101255726(LOC101255726),,,,,,,,Solyc10g078770.2,,,,
101256817,Solyc10g074740.1,Solanum lycopersicum,calcium-binding protein CAST(LOC101256817),,,,,,,,Solyc02g092750.3,,,,
101252451,Solyc02g086750.2,Solanum lycopersicum,uncharacterized LOC101252451(LOC101252451),,,,,,,,Solyc09g011030.3,,,,
101250270,Solyc02g079290.3,Solanum lycopersicum,protein SELF PRUNING 2G(SP2G),,,,,,,,Solyc02g082900.3,,,,
101263370,Solyc02g080110.3,Solanum lycopersicum,uncharacterized LOC101263370(LOC101263370),,,,,,,,Solyc08g078760.1,,,,
101252457,Solyc11g065920.2,Solanum lycopersicum,xanthine dehydrogenase 1-like(LOC101252457),,,,,,,,Solyc03g095620.3,,,,
112940015,Solyc01g108190.3,Solanum lycopersicum,calmodulin-like protein 1(LOC112940015),,,,,,,,Solyc02g080530.3,,,,
101265798,Solyc11g069720.2,Solanum lycopersicum,cell division cycle protein 48 homolog(LOC101265798),,,,,,,,Solyc02g062040.3,,,,
101264464,Solyc09g098070.3,Solanum lycopersicum,MACPF domain-containing protein At4g24290(LOC101264464),,,,,,,,Solyc03g095650.3,,,,
101266883,Solyc02g093180.3,Solanum lycopersicum,uncharacterized acetyltransferase At3g50280(LOC101266883),,,,,,,,Solyc04g015200.3,,,,
101264460,Solyc01g086850.3,Solanum lycopersicum,ras-related protein RGP1(LOC101264460),,,,,,,,Solyc12g014010.2,,,,
543891,Solyc01g108250.3,Solanum lycopersicum,Dem2 protein(Dem2),,,,,,,,Solyc06g075790.3,,,,
101265316,Solyc12g043050.2,Solanum lycopersicum,protein SYS1 homolog(LOC101265316),,,,,,,,Solyc08g081240.3,,,,
101267733,Solyc09g008010.3,Solanum lycopersicum,receptor-like cytoplasmic kinase PCRK1-like(LOC101267733),,,,,,,,Solyc08g067960.3,,,,
101253579,Solyc04g011767.1,Solanum lycopersicum,uncharacterized LOC101253579(LOC101253579),,,,,,,,Solyc11g072660.2,,,,
101256847,Solyc03g025430.1,Solanum lycopersicum,uncharacterized LOC101256847(LOC101256847),,,,,,,,Solyc08g082440.3,,,,
101251154,Solyc03g019820.3,Solanum lycopersicum,probable aquaporin TIP3-2-like(LOC101251154),,,,,,,,Solyc01g104140.3,,,,
101251394,Solyc07g014670.3,Solanum lycopersicum,cytochrome P450 81D11(LOC101251394),,,,,,,,Solyc03g119970.3,,,,
543875,Solyc06g007180.3,Solanum lycopersicum,asparagine synthetase 1(AS1),,,,,,,,Solyc07g021630.3,,,,
101249070,Solyc04g072895.1,Solanum lycopersicum,uncharacterized WD repeat-containing protein C2A9.03(LOC101249070),,,,,,,,Solyc01g105280.3,,,,
101254660,Solyc02g062000.3,Solanum lycopersicum,protein FREE1-like(LOC101254660),,,,,,,,Solyc03g083420.3,,,,
101266611,Solyc12g038160.2,Solanum lycopersicum,uncharacterized LOC101266611(LOC101266611),,,,,,,,Solyc05g053850.3,,,,
101265520,Solyc12g056250.2,Solanum lycopersicum,glutathione S-transferase T1(LOC101265520),,,,,,,,Solyc04g063380.3,,,,
543880,Solyc06g005170.3,Solanum lycopersicum,mitogen-activated protein kinase 3(MPK3),,,,,,,,Solyc01g010480.3,,,,
101260079,Solyc09g065390.1,Solanum lycopersicum,protein MARD1(LOC101260079),,,,,,,,Solyc12g045030.2,,,,
101245711,Solyc02g094000.1,Solanum lycopersicum,putative calcium-binding protein CML19(LOC101245711),,,,,,,,Solyc01g108910.3,,,,
101267943,Solyc10g055760.2,Solanum lycopersicum,NAC domain-containing protein 22(LOC101267943),,,,,,,,Solyc02g089090.3,,,,
101257929,Solyc03g006360.3,Solanum lycopersicum,dormancy-associated protein 1(LOC101257929),,,,,,,,Solyc03g115070.1,,,,
101255509,Solyc07g053550.2,Solanum lycopersicum,glutaredoxin-C9(LOC101255509),,,,,,,,Solyc07g066560.1,,,,
109120423,Solyc06g069150.1,Solanum lycopersicum,uncharacterized LOC109120423(LOC109120423),,,,,,,,Solyc04g076340.3,,,,
101249062,Solyc03g115920.3,Solanum lycopersicum,probable E3 ubiquitin-protein ligase RNF217(LOC101249062),,,,,,,,Solyc12g056790.2,,,,
101255501,Solyc06g066370.3,Solanum lycopersicum,WRKY transcription factor 31(WRKY31),,,,,,,,Solyc03g119930.1,,,,
101263355,Solyc01g111440.3,Solanum lycopersicum,"protein EARLY-RESPONSIVE TO DEHYDRATION 7, chloroplastic(LOC101263355)",,,,,,,,Solyc07g006145.1,,,,
101245945,Solyc05g013720.3,Solanum lycopersicum,uncharacterized LOC101245945(LOC101245945),,,,,,,,Solyc04g011670.3,,,,
101260084,Solyc01g105660.3,Solanum lycopersicum,protein DMR6-LIKE OXYGENASE 2-like(LOC101260084),,,,,,,,Solyc06g069710.3,,,,
101263592,Solyc12g099440.2,Solanum lycopersicum,glyoxysomal fatty acid beta-oxidation multifunctional protein MFP-a(LOC101263592),,,,,,,,Solyc09g075890.3,,,,
101267950,Solyc10g085590.1,Solanum lycopersicum,protein ELC-like(LOC101267950),,,,,,,,Solyc05g006980.3,,,,
101247075,Solyc10g018120.2,Solanum lycopersicum,uncharacterized LOC101247075(LOC101247075),,,,,,,,Solyc02g071780.3,,,,
101254846,Solyc01g105280.3,Solanum lycopersicum,probable protein phosphatase 2C 10(LOC101254846),,,,,,,,Solyc02g071970.1,,,,
101253759,Solyc03g095650.3,Solanum lycopersicum,MLO-like protein 2(LOC101253759),,,,,,,,Solyc04g040180.3,,,,
101249493,Solyc01g095460.3,Solanum lycopersicum,transcriptional activator TAF-1(LOC101249493),,,,,,,,Solyc08g075150.3,,,,
101254608,Solyc07g021630.3,Solanum lycopersicum,"branched-chain-amino-acid aminotransferase 2, chloroplastic-like(LOC101254608)",,,,,,,,Solyc06g068540.3,,,,
101250009,Solyc04g009860.3,Solanum lycopersicum,1-aminocyclopropane-1-carboxylate oxidase homolog 1(LOC101250009),,,,,,,,Solyc08g006980.3,,,,
101243709,Solyc05g009090.2,Solanum lycopersicum,LEAF RUST 10 DISEASE-RESISTANCE LOCUS RECEPTOR-LIKE PROTEIN KINASE-like 2.1(LOC101243709),,,,,,,,Solyc01g057000.3,,,,
101253750,Solyc02g062040.3,Solanum lycopersicum,NEP1-interacting protein-like 1(LOC101253750),,,,,,,,Solyc09g005120.3,,,,
101254841,Solyc01g099745.1,Solanum lycopersicum,heparan-alpha-glucosaminide N-acetyltransferase(LOC101254841),,,,,,,,Solyc01g067000.3,,,,
101265985,Solyc02g084950.3,Solanum lycopersicum,salicylate carboxymethyltransferase(LOC101265985),,,,,,,,Solyc10g074740.1,,,,
101261141,Solyc08g082110.3,Solanum lycopersicum,probable WRKY transcription factor 53(LOC101261141),,,,,,,,Solyc03g025430.1,,,,
101261383,Solyc11g010170.2,Solanum lycopersicum,lanC-like protein GCL1(LOC101261383),,,,,,,,Solyc03g115370.3,,,,
101261140,Solyc08g008370.3,Solanum lycopersicum,B2 protein(LOC101261140),,,,,,,,Solyc06g009050.3,,,,
101260294,Solyc02g081590.3,Solanum lycopersicum,uncharacterized LOC101260294(LOC101260294),,,,,,,,Solyc06g050130.3,,,,
101262236,Solyc08g079590.2,Solanum lycopersicum,uncharacterized protein At4g22758(LOC101262236),,,,,,,,Solyc02g070020.1,,,,
101252894,Solyc06g064450.3,Solanum lycopersicum,uncharacterized LOC101252894(LOC101252894),,,,,,,,Solyc05g041200.3,,,,
101249481,Solyc09g009985.1,Solanum lycopersicum,1-aminocyclopropane-1-carboxylate oxidase homolog 1(LOC101249481),,,,,,,,Solyc05g009520.1,,,,
101248152,Solyc02g031860.3,Solanum lycopersicum,uncharacterized LOC101248152(LOC101248152),,,,,,,,Solyc05g007080.3,,,,
101250479,Solyc03g033840.3,Solanum lycopersicum,AAA-ATPase At3g50940-like(LOC101250479),,,,,,,,Solyc08g066770.3,,,,
101262480,Solyc02g069800.1,Solanum lycopersicum,Abhydrolase superfamily protein(Lehsr203),,,,,,,,Solyc10g074790.2,,,,
101248158,Solyc02g087000.3,Solanum lycopersicum,potassium transporter 8-like(LOC101248158),,,,,,,,Solyc03g006360.3,,,,
101250024,Solyc06g066600.3,Solanum lycopersicum,probable plastidic glucose transporter 3(LOC101250024),,,,,,,,Solyc01g104300.3,,,,
101248184,Solyc03g117950.3,Solanum lycopersicum,"chaperone protein ClpD, chloroplastic(LOC101248184)",,,,,,,,Solyc07g055840.3,,,,
101250262,Solyc10g079420.1,Solanum lycopersicum,probable calcium-binding protein CML36(LOC101250262),,,,,,,,Solyc01g109110.3,,,,
543677,Solyc11g066440.2,Solanum lycopersicum,lethal leaf spot 1-like protein(LOC543677),,,,,,,,Solyc12g056650.2,,,,
101265719,Solyc03g112340.1,Solanum lycopersicum,ubiquitin ligase SlATL31(LOC101265719),,,,,,,,Solyc04g016420.3,,,,
101253771,Solyc04g015200.3,Solanum lycopersicum,ATP-dependent 6-phosphofructokinase 2(LOC101253771),,,,,,,,Solyc05g009550.3,,,,
101252689,Solyc05g014260.3,Solanum lycopersicum,two-component response regulator ORR26(LOC101252689),,,,,,,,Solyc06g053980.3,,,,
101244827,Solyc02g083400.3,Solanum lycopersicum,NEP1-interacting protein-like 1(LOC101244827),,,,,,,,Solyc02g077880.3,,,,
101260039,Solyc04g009380.2,Solanum lycopersicum,protein S-acyltransferase 11(LOC101260039),,,,,,,,Solyc03g119810.1,,,,
101265728,Solyc04g076820.1,Solanum lycopersicum,uncharacterized LOC101265728(LOC101265728),,,,,,,,Solyc02g091390.3,,,,
543680,Solyc01g096810.3,Solanum lycopersicum,protein EIN3-like3(EIL3),,,,,,,,Solyc09g008350.3,,,,
101263545,Solyc01g086810.2,Solanum lycopersicum,disease resistance protein RPM1-like(LOC101263545),,,,,,,,Solyc09g005000.1,,,,
101255705,Solyc06g069710.3,Solanum lycopersicum,NAC domain-containing protein 100(LOC101255705),,,,,,,,Solyc08g081030.1,,,,
101247082,Solyc10g081830.2,Solanum lycopersicum,replication protein A 32 kDa subunit B(RPA32b),,,,,,,,Solyc05g052520.3,,,,
101260284,Solyc10g074880.2,Solanum lycopersicum,"protein RETICULATA-RELATED 3, chloroplastic-like(LOC101260284)",,,,,,,,Solyc07g006280.3,,,,
101260046,Solyc05g009610.1,Solanum lycopersicum,probable carboxylesterase 6(LOC101260046),,,,,,,,Solyc07g024000.3,,,,
101262225,Solyc07g006480.3,Solanum lycopersicum,probably inactive leucine-rich repeat receptor-like protein kinase At5g48380(LOC101262225),,,,,,,,Solyc08g077330.3,,,,
101265734,Solyc05g053330.3,Solanum lycopersicum,transcription factor MYB78-like(LOC101265734),,,,,,,,Solyc01g080150.3,,,,
101249694,Solyc02g090490.3,Solanum lycopersicum,patatin-like protein 3(LOC101249694),,,,,,,,Solyc11g013880.1,,,,
101253953,Solyc02g092715.1,Solanum lycopersicum,uncharacterized LOC101253953(LOC101253953),,,,,,,,Solyc05g007140.3,,,,
101247272,Solyc10g078590.2,Solanum lycopersicum,uncharacterized LOC101247272(LOC101247272),,,,,,,,Solyc01g109920.2,,,,
104645830,Solyc02g077970.3,Solanum lycopersicum,late embryogenesis abundant protein At3g53040-like(LOC104645830),,,,,,,,Solyc02g077780.3,,,,
101248124,Solyc08g067630.3,Solanum lycopersicum,uncharacterized LOC101248124(LOC101248124),,,,,,,,Solyc04g077850.3,,,,
101252627,Solyc09g076040.3,Solanum lycopersicum,uncharacterized LOC101252627(LOC101252627),,,,,,,,Solyc06g071810.1,,,,
543815,Solyc01g081310.3,Solanum lycopersicum,uncharacterized LOC543815(LOC543815),,,,,,,,Solyc06g075370.3,,,,
101250444,Solyc01g088760.3,Solanum lycopersicum,cytochrome P450 714C2(LOC101250444),,,,,,,,Solyc07g053360.3,,,,
101261342,Solyc07g066330.3,Solanum lycopersicum,NAC domain-containing protein 21/22(LOC101261342),,,,,,,,Solyc09g011860.3,,,,
101263766,Solyc01g108087.1,Solanum lycopersicum,ABSCISIC ACID-INSENSITIVE 5-like protein 7(LOC101263766),,,,,,,,Solyc01g109170.3,,,,
101245084,Solyc08g078060.3,Solanum lycopersicum,uncharacterized LOC101245084(LOC101245084),,,,,,,,Solyc03g097120.3,,,,
101246177,Solyc01g073660.3,Solanum lycopersicum,major facilitator superfamily domain-containing protein 12(LOC101246177),,,,,,,,Solyc06g075360.3,,,,
543808,Solyc08g079430.3,Solanum lycopersicum,"amine oxidase, copper containing(cuAO)",,,,,,,,Solyc09g015770.3,,,,
101252613,Solyc08g081300.3,Solanum lycopersicum,probable E3 ubiquitin-protein ligase RHB1A(LOC101252613),,,,,,,,Solyc09g065390.1,,,,
543806,Solyc03g119060.3,Solanum lycopersicum,alpha-dioxygenase 2(alpha-DOX2),,,,,,,,Solyc04g077870.3,,,,
101264861,Solyc01g091840.3,Solanum lycopersicum,UDP-galactose/UDP-glucose transporter 4(LOC101264861),,,,,,,,Solyc08g076860.3,,,,
101262200,Solyc03g111310.3,Solanum lycopersicum,SNF1-related protein kinase regulatory subunit gamma-1(LOC101262200),,,,,,,,Solyc01g066430.3,,,,
101258155,Solyc05g052570.3,Solanum lycopersicum,zinc finger CCCH domain-containing protein 29(LOC101258155),,,,,,,,Solyc01g091690.3,,,,
101259487,Solyc01g109920.2,Solanum lycopersicum,embryogenic cell protein 40(LOC101259487),,,,,,,,Solyc06g009170.3,,,,
101262681,Solyc02g071210.3,Solanum lycopersicum,"cold-regulated 413 inner membrane protein 1, chloroplastic(COR413IM1)",,,,,,,,Solyc07g017510.3,,,,
101249449,Solyc00g136260.1,Solanum lycopersicum,E3 ubiquitin-protein ligase ATL23(LOC101249449),,,,,,,,Solyc02g081590.3,,,,
101249208,Solyc09g075020.3,Solanum lycopersicum,ABC transporter C family member 9(ABCC9),,,,,,,,Solyc05g052470.3,,,,
101249209,Solyc09g089940.1,Solanum lycopersicum,uncharacterized LOC101249209(LOC101249209),,,,,,,,Solyc05g005920.3,,,,
101263533,Solyc07g062700.3,Solanum lycopersicum,sodium/calcium exchanger NCL(LOC101263533),,,,,,,,Solyc01g106820.3,,,,
101248144,Solyc10g009020.3,Solanum lycopersicum,E3 ubiquitin-protein ligase AIRP2-like(LOC101248144),,,,,,,,Solyc07g064020.3,,,,
101247056,Solyc09g014750.1,Solanum lycopersicum,carrot ABA-induced in somatic embryos 3-like(LOC101247056),,,,,,,,Solyc09g015670.3,,,,
100736499,Solyc03g111010.3,Solanum lycopersicum,glyceraldehyde 3-phosphate dehydrogenase(GAPDH),,,,,,,,Solyc03g119310.3,,,,
101259276,Solyc01g010250.3,Solanum lycopersicum,probable 6-phosphogluconolactonase 2(LOC101259276),,,,,,,,Solyc05g008390.3,,,,
101260234,Solyc06g009170.3,Solanum lycopersicum,epoxide hydrolase A(LOC101260234),,,,,,,,Solyc01g086640.2,,,,
101250219,Solyc05g050380.3,Solanum lycopersicum,cyclic nucleotide-gated ion channel 1(LOC101250219),,,,,,,,Solyc02g088800.2,,,,
101262661,Solyc01g096320.3,Solanum lycopersicum,homeobox-leucine zipper protein ATHB-12(LOC101262661),,,,,,,,Solyc02g081560.1,,,,
101263994,Solyc04g007800.3,Solanum lycopersicum,protein C2-DOMAIN ABA-RELATED 7-like(LOC101263994),,,,,,,,Solyc06g076750.3,,,,
101260481,Solyc01g106820.3,Solanum lycopersicum,"probable zinc metallopeptidase EGY3, chloroplastic(LOC101260481)",,,,,,,,Solyc10g005100.3,,,,
101262668,Solyc01g108030.3,Solanum lycopersicum,"methylcrotonoyl-CoA carboxylase beta chain, mitochondrial(LOC101262668)",,,,,,,,Solyc03g005450.3,,,,
100135703,Solyc07g006500.3,Solanum lycopersicum,trehalose-6-phosphate synthase(TPS1),,,,,,,,Solyc04g071030.1,,,,
101260244,Solyc07g017510.3,Solanum lycopersicum,1-phosphatidylinositol-3-phosphate 5-kinase FAB1B(LOC101260244),,,,,,,,Solyc07g007660.1,,,,
543614,Solyc12g088670.2,Solanum lycopersicum,low-temperature-induced cysteine proteinase(CYP1),,,,,,,,Solyc08g008370.3,,,,
543855,Solyc12g096350.2,Solanum lycopersicum,probable WRKY transcription factor 17(LOC543855),,,,,,,,Solyc05g009650.3,,,,
104644300,Solyc01g098490.3,Solanum lycopersicum,sugar transporter ERD6-like 5(LOC104644300),,,,,,,,Solyc07g066330.3,,,,
101245290,Solyc09g082120.3,Solanum lycopersicum,lactoylglutathione lyase(LOC101245290),,,,,,,,Solyc11g010170.2,,,,
101249653,Solyc06g060840.1,Solanum lycopersicum,oleosin 1-like(LOC101249653),,,,,,,,Solyc04g079300.3,,,,
101260209,Solyc12g042770.2,Solanum lycopersicum,uncharacterized LOC101260209(LOC101260209),,,,,,,,Solyc01g080220.3,,,,
101257277,Solyc06g082010.3,Solanum lycopersicum,zinc finger CCCH domain-containing protein 66(LOC101257277),,,,,,,,Solyc10g007280.3,,,,
101258366,Solyc05g009550.3,Solanum lycopersicum,uncharacterized LOC101258366(LOC101258366),,,,,,,,Solyc08g008410.3,,,,
101251977,Solyc04g077270.3,Solanum lycopersicum,G-type lectin S-receptor-like serine/threonine-protein kinase At4g27290(LOC101251977),,,,,,,,Solyc03g083000.3,,,,
101258129,Solyc11g065340.2,Solanum lycopersicum,uncharacterized LOC101258129(LOC101258129),,,,,,,,Solyc07g017610.3,,,,
101261780,Solyc02g084480.2,Solanum lycopersicum,golgin candidate 6-like(LOC101261780),,,,,,,,Solyc11g017000.2,,,,
101260459,Solyc08g082120.2,Solanum lycopersicum,hornerin(LOC101260459),,,,,,,,Solyc03g119590.1,,,,
101262633,Solyc07g053220.2,Solanum lycopersicum,G-type lectin S-receptor-like serine/threonine-protein kinase At2g19130(LOC101262633),,,,,,,,Solyc05g054570.3,,,,
543603,Solyc03g117980.3,Solanum lycopersicum,whitefly-induced gp91-phox(Wfi1),,,,,,,,Solyc09g074280.1,,,,
101267093,Solyc12g010010.2,Solanum lycopersicum,probable cyclic nucleotide-gated ion channel 5(LOC101267093),,,,,,,,Solyc02g091240.1,,,,
101245282,Solyc09g014860.3,Solanum lycopersicum,protein LURP-one-related 10(LOC101245282),,,,,,,,Solyc03g111310.3,,,,
543605,Solyc12g014100.2,Solanum lycopersicum,"homogentisate 1,2-dioxygenase(LOC543605)",,,,,,,,Solyc02g069800.1,,,,
101265909,Solyc03g114580.3,Solanum lycopersicum,uridine-cytidine kinase C(LOC101265909),,,,,,,,Solyc10g005040.3,,,,
101247462,Solyc01g087240.3,Solanum lycopersicum,nuclear transcription factor Y subunit A-9(LOC101247462),,,,,,,,Solyc04g025940.3,,,,
101250636,Solyc01g110480.3,Solanum lycopersicum,probable transcription factor PosF21(LOC101250636),,,,,,,,Solyc04g079350.1,,,,
101258357,Solyc04g016420.3,Solanum lycopersicum,uncharacterized LOC101258357(LOC101258357),,,,,,,,Solyc07g053220.2,,,,
101252813,Solyc09g064940.3,Solanum lycopersicum,uncharacterized isomerase BH0283(LOC101252813),,,,,,,,Solyc01g096320.3,,,,
101257269,Solyc06g050130.3,Solanum lycopersicum,alpha-galactosidase 3(LOC101257269),,,,,,,,Solyc01g108030.3,,,,
101262640,Solyc08g061240.2,Solanum lycopersicum,epoxide hydrolase 4(LOC101262640),,,,,,,,Solyc11g005380.2,,,,
101256176,Solyc04g040180.3,Solanum lycopersicum,putative methyltransferase DDB_G0268948(LOC101256176),,,,,,,,Solyc07g054300.3,,,,
101259682,Solyc01g109170.3,Solanum lycopersicum,WCOR413-like plant cold acclimation protein(LOC101259682),,,,,,,,Solyc03g120110.3,,,,
101261799,Solyc03g119590.1,Solanum lycopersicum,uncharacterized LOC101261799(LOC101261799),,,,,,,,Solyc01g088090.3,,,,
101245287,Solyc01g067440.3,Solanum lycopersicum,monothiol glutaredoxin-S10(LOC101245287),,,,,,,,Solyc01g096340.3,,,,
101261797,Solyc12g098380.2,Solanum lycopersicum,uncharacterized LOC101261797(LOC101261797),,,,,,,,Solyc11g056650.2,,,,
101253931,Solyc01g068460.3,Solanum lycopersicum,midasin(LOC101253931),,,,,,,,Solyc01g111440.3,,,,
101245070,Solyc06g060910.2,Solanum lycopersicum,putative glycerol-3-phosphate transporter 4(LOC101245070),,,,,,,,Solyc02g080110.3,,,,
101247012,Solyc04g078550.3,Solanum lycopersicum,probable WRKY transcription factor 7(LOC101247012),,,,,,,,Solyc07g062700.3,,,,
101252846,Solyc11g069180.2,Solanum lycopersicum,"isovaleryl-CoA dehydrogenase, mitochondrial(LOC101252846)",,,,,,,,Solyc03g078490.3,,,,
109120859,Solyc08g005120.3,Solanum lycopersicum,cinnamoyl-CoA reductase 1(LOC109120859),,,,,,,,Solyc08g061250.3,,,,
543839,Solyc06g069430.3,Solanum lycopersicum,agamous-like MADS-box protein AGL8 homolog(FUL1),,,,,,,,Solyc11g068620.2,,,,
100134888,Solyc01g079200.3,Solanum lycopersicum,gibberellin 2-oxidase(GA2ox3),,,,,,,,Solyc03g007870.3,,,,
101262614,Solyc10g045480.1,Solanum lycopersicum,uncharacterized LOC101262614(LOC101262614),,,,,,,,Solyc12g099430.2,,,,
101262614,Solyc04g079350.1,Solanum lycopersicum,uncharacterized LOC101262614(LOC101262614),,,,,,,,Solyc01g005930.3,,,,
101248108,Solyc06g034290.3,Solanum lycopersicum,putative glycerol-3-phosphate transporter 1(LOC101248108),,,,,,,,Solyc02g079570.3,,,,
101260433,Solyc05g005920.3,Solanum lycopersicum,protein NRT1/ PTR FAMILY 1.2(LOC101260433),,,,,,,,Solyc05g012110.3,,,,
101262611,Solyc04g025940.3,Solanum lycopersicum,"probable alpha,alpha-trehalose-phosphate synthase [UDP-forming] 9(LOC101262611)",,,,,,,,Solyc06g009390.3,,,,
101247018,Solyc05g013750.3,Solanum lycopersicum,protein-tyrosine-phosphatase MKP1-like(LOC101247018),,,,,,,,Solyc01g086850.3,,,,
101246151,Solyc06g065560.2,Solanum lycopersicum,3-ketoacyl-CoA synthase 11(LOC101246151),,,,,,,,Solyc09g098070.3,,,,
100147720,Solyc01g009860.3,Solanum lycopersicum,uncharacterized LOC100147720(LOC100147720),,,,,,,,Solyc02g071750.3,,,,
101261529,Solyc06g076670.3,Solanum lycopersicum,serine/arginine-rich splicing factor SR45a(LOC101261529),,,,,,,,Solyc10g083690.3,,,,
101250658,Solyc11g065820.2,Solanum lycopersicum,protein DETOXIFICATION 42(LOC101250658),,,,,,,,Solyc11g069700.2,,,,
104645408,Solyc01g107090.2,Solanum lycopersicum,uncharacterized LOC104645408(LOC104645408),,,,,,,,Solyc03g032150.3,,,,
101259229,Solyc03g112590.3,Solanum lycopersicum,cell division cycle protein 48 homolog(LOC101259229),,,,,,,,Solyc06g006080.3,,,,
101261772,Solyc11g017000.2,Solanum lycopersicum,uncharacterized LOC101261772(LOC101261772),,,,,,,,Solyc06g053220.3,,,,
100134896,Solyc08g077210.3,Solanum lycopersicum,"inositol-1,4,5-triphosphate-5-phosphatase(5PT1)",,,,,,,,Solyc11g017270.2,,,,
101258376,Solyc06g053980.3,Solanum lycopersicum,"chlorophyllase-2, chloroplastic(LOC101258376)",,,,,,,,Solyc03g013440.3,,,,
101264804,Solyc03g098090.2,Solanum lycopersicum,CASP-like protein 4D1(LOC101264804),,,,,,,,Solyc07g064860.2,,,,
101248335,Solyc01g103920.3,Solanum lycopersicum,ferredoxin(LOC101248335),,,,,,,,Solyc02g088620.3,,,,
101249426,Solyc02g069250.3,Solanum lycopersicum,probable cinnamyl alcohol dehydrogenase 6(LOC101249426),,,,,,,,Solyc05g007460.3,,,,
101246342,Solyc04g077120.3,Solanum lycopersicum,inositol-tetrakisphosphate 1-kinase 3(LOC101246342),,,,,,,,Solyc08g061480.3,,,,
101262828,Solyc07g054300.3,Solanum lycopersicum,probable protein phosphatase 2C 52(LOC101262828),,,,,,,,Solyc09g090730.2,,,,
101261739,Solyc01g068000.3,Solanum lycopersicum,probable protein phosphatase 2C 47(LOC101261739),,,,,,,,Solyc05g046310.3,,,,
101259417,Solyc03g097110.3,Solanum lycopersicum,binding partner of ACD11 1(LOC101259417),,,,,,,,Solyc02g014860.3,,,,
101055605,Solyc04g082020.3,Solanum lycopersicum,Hop-interacting protein THI120(LOC101055605),,,,,,,,Solyc04g007980.3,,,,
101260892,Solyc02g081560.1,Solanum lycopersicum,uncharacterized LOC101260892(LOC101260892),,,,,,,,Solyc04g064870.3,,,,
101055602,Solyc12g005340.2,Solanum lycopersicum,Hop-interacting protein THI039(LOC101055602),,,,,,,,Solyc10g084930.2,,,,
101244167,Solyc03g093800.1,Solanum lycopersicum,glycine-rich cell wall structural protein 2(LOC101244167),,,,,,,,Solyc12g056250.2,,,,
104648385,Solyc07g054370.3,Solanum lycopersicum,FBD-associated F-box protein At2g26860-like(LOC104648385),,,,,,,,Solyc01g106000.3,,,,
101245497,Solyc01g095270.3,Solanum lycopersicum,uncharacterized LOC101245497(LOC101245497),,,,,,,,Solyc08g083060.3,,,,
101245241,Solyc12g095810.2,Solanum lycopersicum,protein NRT1/ PTR FAMILY 1.2(LOC101245241),,,,,,,,Solyc03g112340.1,,,,
101245242,Solyc03g118850.3,Solanum lycopersicum,uncharacterized LOC101245242(LOC101245242),,,,,,,,Solyc04g076820.1,,,,
101268143,Solyc01g096510.2,Solanum lycopersicum,"sigma factor binding protein 1, chloroplastic(LOC101268143)",,,,,,,,Solyc05g053330.3,,,,
101259649,Solyc07g053360.3,Solanum lycopersicum,seed biotin-containing protein SBP65-like(LOC101259649),,,,,,,,Solyc11g069720.2,,,,
544180,Solyc01g100460.3,Solanum lycopersicum,anaerobic basic leucine zipper protein(abz1),,,,,,,,Solyc06g067980.3,,,,
101255283,Solyc03g115070.1,Solanum lycopersicum,exocyst complex component EXO70E2(LOC101255283),,,,,,,,Solyc02g084950.3,,,,
101259641,Solyc06g075370.3,Solanum lycopersicum,dof zinc finger protein DOF2.1(LOC101259641),,,,,,,,Solyc08g068690.1,,,,
101268145,Solyc01g099100.3,Solanum lycopersicum,"long chain acyl-CoA synthetase 6, peroxisomal(LOC101268145)",,,,,,,,Solyc10g009340.1,,,,
101248757,Solyc03g098000.3,Solanum lycopersicum,"UV-B-induced protein At3g17800, chloroplastic(LOC101248757)",,,,,,,,Solyc07g053050.1,,,,
101244399,Solyc08g068870.3,Solanum lycopersicum,aspartate protease family protein(LOC101244399),,,,,,,,Solyc07g064900.3,,,,
101248759,Solyc03g119250.3,Solanum lycopersicum,protein SAR DEFICIENT 1(LOC101248759),,,,,,,,Solyc02g087280.3,,,,
544187,Solyc09g075210.3,Solanum lycopersicum,indole-3-acetic acid-induced protein ARG2(LOC544187),,,,,,,,Solyc12g038160.2,,,,
101247427,Solyc05g054170.3,Solanum lycopersicum,scarecrow-like protein 13(LOC101247427),,,,,,,,Solyc03g112310.1,,,,
101248996,Solyc08g062490.3,Solanum lycopersicum,probable WRKY transcription factor 75(LOC101248996),,,,,,,,Solyc05g050930.2,,,,
101244185,Solyc05g013660.3,Solanum lycopersicum,uncharacterized LOC101244185(LOC101244185),,,,,,,,Solyc01g090740.3,,,,
101260626,Solyc03g119310.3,Solanum lycopersicum,uncharacterized LOC101260626(LOC101260626),,,,,,,,Solyc11g066620.2,,,,
101258346,Solyc12g056650.2,Solanum lycopersicum,protein GIGANTEA-like(LOC101258346),,,,,,,,Solyc02g093180.3,,,,
101258588,Solyc09g008350.3,Solanum lycopersicum,ACT domain-containing protein ACR10(LOC101258588),,,,,,,,Solyc03g078150.3,,,,
101259436,Solyc05g007140.3,Solanum lycopersicum,probable serine/threonine-protein kinase PBL3(LOC101259436),,,,,,,,Solyc05g013480.3,,,,
101259678,Solyc01g103170.3,Solanum lycopersicum,uncharacterized LOC101259678(LOC101259678),,,,,,,,Solyc12g010010.2,,,,
101250624,Solyc01g067010.3,Solanum lycopersicum,F-box/kelch-repeat protein At3g23880(LOC101250624),,,,,,,,Solyc05g056480.3,,,,
101267029,Solyc06g074940.3,Solanum lycopersicum,ABC transporter F family member 2(ABCF2),,,,,,,,Solyc04g054760.3,,,,
101257012,Solyc01g099810.3,Solanum lycopersicum,serine/arginine-rich splicing factor SR30(LOC101257012),,,,,,,,Solyc06g050800.3,,,,
101267023,Solyc05g013480.3,Solanum lycopersicum,uncharacterized LOC101267023(LOC101267023),,,,,,,,Solyc10g080670.2,,,,
101246126,Solyc04g005670.2,Solanum lycopersicum,F-box/kelch-repeat protein SKIP11(LOC101246126),,,,,,,,Solyc11g005630.1,,,,
101268113,Solyc06g071890.3,Solanum lycopersicum,mitochondrial pyruvate carrier 1(LOC101268113),,,,,,,,Solyc06g050810.3,,,,
101261722,Solyc07g017610.3,Solanum lycopersicum,alpha-aminoadipic semialdehyde synthase(LOC101261722),,,,,,,,Solyc08g080540.3,,,,
101247459,Solyc01g079650.3,Solanum lycopersicum,CTP synthase(LOC101247459),,,,,,,,Solyc09g074050.3,,,,
101247200,Solyc03g121360.1,Solanum lycopersicum,ESCRT-related protein CHMP1A(LOC101247200),,,,,,,,Solyc01g103540.3,,,,
101251943,Solyc11g007510.2,Solanum lycopersicum,uncharacterized LOC101251943(LOC101251943),,,,,,,,Solyc06g071750.3,,,,
101259423,Solyc03g118820.3,Solanum lycopersicum,ras-related protein RABA6a(LOC101259423),,,,,,,,Solyc08g006510.3,,,,
101251700,Solyc07g040890.1,Solanum lycopersicum,probable carboxylesterase 120(LOC101251700),,,,,,,,Solyc10g055760.2,,,,
101256151,Solyc02g071970.1,Solanum lycopersicum,N66 matrix protein(LOC101256151),,,,,,,,Solyc10g085590.1,,,,
101256154,Solyc11g045110.2,Solanum lycopersicum,probable sucrose-phosphate synthase 4(LOC101256154),,,,,,,,Solyc03g111100.1,,,,
101259661,Solyc09g011860.3,Solanum lycopersicum,O-fucosyltransferase 19-like(LOC101259661),,,,,,,,Solyc04g007900.3,,,,
101248778,Solyc05g052980.3,Solanum lycopersicum,protein phosphatase 2C 37(LOC101248778),,,,,,,,Solyc06g071890.3,,,,
101246357,Solyc07g008150.3,Solanum lycopersicum,"glucan endo-1,3-beta-glucosidase 11(LOC101246357)",,,,,,,,Solyc01g096510.2,,,,
101249625,Solyc03g115930.2,Solanum lycopersicum,probable calcium-binding protein CML30(LOC101249625),,,,,,,,Solyc07g055260.3,,,,
101260888,Solyc02g088800.2,Solanum lycopersicum,exocyst complex component EXO70E2(LOC101260888),,,,,,,,Solyc10g078440.1,,,,
544165,Solyc08g076930.1,Solanum lycopersicum,transcription factor MYC2(MYC2),,,,,,,,Solyc07g065930.3,,,,
101261974,Solyc10g079150.2,Solanum lycopersicum,nuclear transcription factor Y subunit A-7-like(LOC101261974),,,,,,,,Solyc08g023440.3,,,,
104648156,Solyc07g008140.3,Solanum lycopersicum,cucumber peeling cupredoxin(LOC104648156),,,,,,,,Solyc02g083460.3,,,,
544163,Solyc07g056570.1,Solanum lycopersicum,9-cis-epoxycarotenoid dioxygenase(NCED1),,,,,,,,Solyc01g097790.3,,,,
101268570,Solyc05g008820.3,Solanum lycopersicum,"putative lipid phosphate phosphatase 3, chloroplastic(LOC101268570)",,,,,,,,Solyc12g089000.2,,,,
101267241,Solyc06g050800.3,Solanum lycopersicum,amino acid transporter AVT6C(LOC101267241),,,,,,,,Solyc02g078940.3,,,,
101268572,Solyc05g015390.3,Solanum lycopersicum,REF/SRPP-like protein At1g67360(LOC101268572),,,,,,,,Solyc05g015390.3,,,,
101258763,Solyc06g063420.3,Solanum lycopersicum,general transcription factor 3C polypeptide 3(LOC101258763),,,,,,,,Solyc10g076250.2,,,,
101255255,Solyc02g089090.3,Solanum lycopersicum,receptor-like protein kinase FERONIA(LOC101255255),,,,,,,,Solyc08g067340.3,,,,
101267002,Solyc03g078150.3,Solanum lycopersicum,amino acid transporter AVT1A(LOC101267002),,,,,,,,Solyc04g005380.3,,,,
101246786,Solyc02g071980.3,Solanum lycopersicum,uncharacterized LOC101246786(LOC101246786),,,,,,,,Solyc01g098490.3,,,,
101245454,Solyc04g077050.3,Solanum lycopersicum,amino acid permease 6(LOC101245454),,,,,,,,Solyc05g013060.3,,,,
101246784,Solyc02g077230.3,Solanum lycopersicum,uncharacterized LOC101246784(LOC101246784),,,,,,,,Solyc01g107090.2,,,,
101268338,Solyc02g083460.3,Solanum lycopersicum,aspartyl protease family protein(LOC101268338),,,,,,,,Solyc02g093890.1,,,,
101249811,Solyc03g114160.1,Solanum lycopersicum,U-box domain-containing protein 19-like(LOC101249811),,,,,,,,Solyc02g084960.1,,,,
101255248,Solyc01g108910.3,Solanum lycopersicum,CCG-binding protein 1(LOC101255248),,,,,,,,Solyc02g077970.3,,,,
101248717,Solyc01g099370.3,Solanum lycopersicum,protein SRC2 homolog(LOC101248717),,,,,,,,Solyc07g008140.3,,,,
101255480,Solyc03g119930.1,Solanum lycopersicum,molybdate transporter 2(LOC101255480),,,,,,,,Solyc07g007150.1,,,,
101257661,Solyc05g007080.3,Solanum lycopersicum,"alpha-amylase 3, chloroplastic(LOC101257661)",,,,,,,,Solyc07g054370.3,,,,
101254394,Solyc06g075780.2,Solanum lycopersicum,zinc finger protein ZAT1(LOC101254394),,,,,,,,Solyc06g069150.1,,,,
101260866,Solyc01g086640.2,Solanum lycopersicum,O-fucosyltransferase 20-like(LOC101260866),,,,,,,,Solyc05g006870.3,,,,
101245684,Solyc08g075880.3,Solanum lycopersicum,heavy metal-associated isoprenylated plant protein 30-like(LOC101245684),,,,,,,,Solyc07g007790.3,,,,
101245688,Solyc09g011370.2,Solanum lycopersicum,F-box/LRR-repeat protein 14(LOC101245688),,,,,,,,Solyc07g007120.3,,,,
101244142,Solyc11g010500.1,Solanum lycopersicum,mitochondrial uncoupling protein 5(LOC101244142),,,,,,,,Solyc12g013620.2,,,,
101265282,Solyc09g090730.2,Solanum lycopersicum,ammonium transporter 1 member 1(AMT1-1),,,,,,,,Solyc03g117980.3,,,,
101255038,Solyc01g106500.3,Solanum lycopersicum,receptor-like protein kinase 7(LOC101255038),,,,,,,,Solyc12g014100.2,,,,
101255031,Solyc01g087680.3,Solanum lycopersicum,uncharacterized LOC101255031(LOC101255031),,,,,,,,Solyc12g088670.2,,,,
100736451,Solyc09g091030.3,Solanum lycopersicum,beta-amylase(BAM1),,,,,,,,Solyc10g079820.2,,,,
101245233,Solyc03g093890.3,Solanum lycopersicum,R2R3MYB transcription factor 52(LOC101245233),,,,,,,,Solyc11g066440.2,,,,
101267225,Solyc04g054760.3,Solanum lycopersicum,uncharacterized LOC101267225(LOC101267225),,,,,,,,Solyc01g096810.3,,,,
101246328,Solyc03g123600.3,Solanum lycopersicum,alanine aminotransferase 2-like(LOC101246328),,,,,,,,Solyc06g075690.3,,,,
101247659,Solyc09g082230.1,Solanum lycopersicum,uncharacterized N-acetyltransferase p20-like(LOC101247659),,,,,,,,Solyc07g042550.3,,,,
101267468,Solyc11g005630.1,Solanum lycopersicum,G-type lectin S-receptor-like serine/threonine-protein kinase LECRK3(LOC101267468),,,,,,,,Solyc12g008840.2,,,,
101246326,Solyc12g089180.2,Solanum lycopersicum,sugar transporter ERD6-like 6-like(SFP6),,,,,,,,Solyc03g119060.3,,,,
101245462,Solyc06g007320.3,Solanum lycopersicum,ubiquitin-activating enzyme E1 1(LOC101245462),,,,,,,,Solyc08g079430.3,,,,
101247880,Solyc02g083280.3,Solanum lycopersicum,"thiosulfate sulfurtransferase 16, chloroplastic(LOC101247880)",,,,,,,,Solyc01g081310.3,,,,
101260838,Solyc07g045420.3,Solanum lycopersicum,"protein ACTIVITY OF BC1 COMPLEX KINASE 7, chloroplastic(LOC101260838)",,,,,,,,Solyc06g069430.3,,,,
101258773,Solyc08g081030.1,Solanum lycopersicum,"5-amino-6-(5-phospho-D-ribitylamino)uracil phosphatase, chloroplastic(LOC101258773)",,,,,,,,Solyc12g096350.2,,,,
101254178,Solyc12g088230.2,Solanum lycopersicum,CSC1-like protein RXW8(LOC101254178),,,,,,,,Solyc06g007180.3,,,,
101257689,Solyc08g066770.3,Solanum lycopersicum,ankyrin repeat-containing protein NPR4-like(LOC101257689),,,,,,,,Solyc06g005170.3,,,,
100736444,Solyc09g015770.3,Solanum lycopersicum,WRKY transcription factor 41(WRKY41),,,,,,,,Solyc01g108250.3,,,,
100736444,Solyc01g095630.3,Solanum lycopersicum,WRKY transcription factor 41(WRKY41),,,,,,,,Solyc07g062970.3,,,,
101245464,Solyc06g010060.1,Solanum lycopersicum,protein transport protein Sec61 subunit beta-like(LOC101245464),,,,,,,,Solyc09g007870.3,,,,
101247647,Solyc08g077900.3,Solanum lycopersicum,expansin-like B1(LOC101247647),,,,,,,,Solyc01g008620.3,,,,
101256309,Solyc08g006980.3,Solanum lycopersicum,MND1-interacting protein 1-like(LOC101256309),,,,,,,,Solyc09g065540.3,,,,
544109,Solyc03g113270.3,Solanum lycopersicum,homeobox-leucine zipper protein HAT5-like(VAHOX1),,,,,,,,Solyc03g122340.3,,,,
101251098,Solyc06g072110.3,Solanum lycopersicum,uncharacterized LOC101251098(LOC101251098),,,,,,,,Solyc08g078070.3,,,,
101265262,Solyc08g061480.3,Solanum lycopersicum,fatty-acid-binding protein 2(LOC101265262),,,,,,,,Solyc01g095140.3,,,,
101253038,Solyc10g078770.2,Solanum lycopersicum,Protein LE25(LE25),,,,,,,,Solyc07g019440.3,,,,
101247838,Solyc07g056320.3,Solanum lycopersicum,glycerol-3-phosphate acyltransferase 1(LOC101247838),,,,,,,,Solyc07g049530.3,,,,
101266355,Solyc08g065840.3,Solanum lycopersicum,uncharacterized LOC101266355(LOC101266355),,,,,,,,Solyc02g084850.3,,,,
101247830,Solyc06g066680.3,Solanum lycopersicum,mitochondrial arginine transporter BAC2-like(LOC101247830),,,,,,,,Solyc05g007510.3,,,,
101246982,Solyc02g091930.3,Solanum lycopersicum,homeobox-leucine zipper protein HAT22(LOC101246982),,,,,,,,Solyc01g095150.3,,,,
104648541,Solyc07g065985.1,Solanum lycopersicum,oleosin S1-2-like(LOC104648541),,,,,,,,Solyc07g056570.1,,,,
101266118,Solyc04g082700.3,Solanum lycopersicum,monosaccharide-sensing protein 2(TMT2),,,,,,,,Solyc08g076930.1,,,,
101245413,Solyc02g094030.3,Solanum lycopersicum,uncharacterized LOC101245413(LOC101245413),,,,,,,,Solyc01g100460.3,,,,
101254118,Solyc08g081240.3,Solanum lycopersicum,uncharacterized LOC101254118(LOC101254118),,,,,,,,Solyc09g075210.3,,,,
778249,Solyc01g079870.3,Solanum lycopersicum,CONSTANS interacting protein 2b(CIP2b),,,,,,,,Solyc11g072310.2,,,,
101268780,Solyc08g067340.3,Solanum lycopersicum,WRKY transcription factor 46(WRKY46),,,,,,,,Solyc06g060110.3,,,,
101261904,Solyc00g050130.1,Solanum lycopersicum,zeatin O-glucosyltransferase-like(LOC101261904),,,,,,,,Solyc02g086880.3,,,,
101257623,Solyc02g086530.3,Solanum lycopersicum,galactinol--sucrose galactosyltransferase(LOC101257623),,,,,,,,Solyc03g044790.3,,,,
101247825,Solyc06g008620.1,Solanum lycopersicum,uncharacterized LOC101247825(LOC101247825),,,,,,,,Solyc03g007960.3,,,,
101255681,Solyc04g011670.3,Solanum lycopersicum,TGACG-sequence-specific DNA-binding protein TGA-1A(LOC101255681),,,,,,,,Solyc03g098240.3,,,,
101267695,Solyc03g112280.3,Solanum lycopersicum,C2 and GRAM domain-containing protein At5g50170(LOC101267695),,,,,,,,Solyc06g068160.3,,,,
101268787,Solyc09g014990.3,Solanum lycopersicum,WRKY transcription factor 33B(LOC101268787),,,,,,,,Solyc08g075370.3,,,,
101244314,Solyc01g058260.3,Solanum lycopersicum,nuclear poly(A) polymerase 3(LOC101244314),,,,,,,,Solyc02g081170.3,,,,
101268548,Solyc02g078940.3,Solanum lycopersicum,quinone oxidoreductase PIG3(LOC101268548),,,,,,,,Solyc01g067710.3,,,,
101258509,Solyc02g091390.3,Solanum lycopersicum,uncharacterized LOC101258509(LOC101258509),,,,,,,,,,,,
101244582,Solyc05g007770.3,Solanum lycopersicum,NAC domain-containing protein 1(NAP1),,,,,,,,,,,,
101255476,Solyc12g056790.2,Solanum lycopersicum,stress-related NAC1(SRN1),,,,,,,,,,,,
101257894,Solyc09g075800.3,Solanum lycopersicum,chloride channel protein CLC-d(LOC101257894),,,,,,,,,,,,
101244101,Solyc08g068860.3,Solanum lycopersicum,aspartyl protease AED1-like(LOC101244101),,,,,,,,,,,,
101267424,Solyc07g053010.2,Solanum lycopersicum,disease resistance RPP13-like protein 4(LOC101267424),,,,,,,,,,,,
544313,Solyc03g098240.3,Solanum lycopersicum,glutamate decarboxylase(LOC544313),,,,,,,,,,,,
101266582,Solyc02g087280.3,Solanum lycopersicum,protein NRT1/ PTR FAMILY 5.8(LOC101266582),,,,,,,,,,,,
101265496,Solyc02g088600.3,Solanum lycopersicum,pentatricopeptide repeat-containing protein At3g29290(LOC101265496),,,,,,,,,,,,
101253040,Solyc02g092750.3,Solanum lycopersicum,probable protein phosphatase 2C 78(LOC101253040),,,,,,,,,,,,
101265495,Solyc10g084930.2,Solanum lycopersicum,serine/threonine-protein kinase ATG1c-like(LOC101265495),,,,,,,,,,,,
101253282,Solyc05g005620.3,Solanum lycopersicum,RNA-binding protein 25(LOC101253282),,,,,,,,,,,,
101248932,Solyc02g088270.3,Solanum lycopersicum,uncharacterized LOC101248932(LOC101248932),,,,,,,,,,,,
101244332,Solyc10g080740.2,Solanum lycopersicum,protein SMG7-like(LOC101244332),,,,,,,,,,,,
101255654,Solyc02g077980.2,Solanum lycopersicum,uncharacterized LOC101255654(LOC101255654),,,,,,,,,,,,
101244769,Solyc04g072640.3,Solanum lycopersicum,membrane-anchored ubiquitin-fold protein 3(LOC101244769),,,,,,,,,,,,
100820704,Solyc11g044560.2,Solanum lycopersicum,ABA responsive transcription factor(ABF4),,,,,,,,,,,,
101266792,Solyc11g066620.2,Solanum lycopersicum,aspartic proteinase-like protein 2(LOC101266792),,,,,,,,,,,,
544157,Solyc01g095150.3,Solanum lycopersicum,late embryogenesis (Lea)-like protein(LEA14),,,,,,,,,,,,
101243671,Solyc02g063410.3,Solanum lycopersicum,uncharacterized protein At5g65660-like(LOC101243671),,,,,,,,,,,,
101267646,Solyc09g074050.3,Solanum lycopersicum,uncharacterized LOC101267646(LOC101267646),,,,,,,,,,,,
101256979,Solyc06g071280.3,Solanum lycopersicum,protein EDS1(EDS1),,,,,,,,,,,,
101255883,Solyc05g006980.3,Solanum lycopersicum,homeobox-leucine zipper protein HAT5(LOC101255883),,,,,,,,,,,,
101253462,Solyc03g095620.3,Solanum lycopersicum,aarF domain-containing protein kinase(LOC101253462),,,,,,,,,,,,
101256975,Solyc06g009050.3,Solanum lycopersicum,universal stress protein PHOS34(LOC101256975),,,,,,,,,,,,
101244758,Solyc03g116480.1,Solanum lycopersicum,F-box protein At5g49610(LOC101244758),,,,,,,,,,,,
101265235,Solyc05g007460.3,Solanum lycopersicum,sphinganine C4-monooxygenase 1(LOC101265235),,,,,,,,,,,,
101263054,Solyc01g088090.3,Solanum lycopersicum,"pheophytinase, chloroplastic(LOC101263054)",,,,,,,,,,,,
101245840,Solyc04g081900.3,Solanum lycopersicum,probable nucleoredoxin 2(LOC101245840),,,,,,,,,,,,
100037735,Solyc01g099590.3,Solanum lycopersicum,glutathione-S-transferase(gst),,,,,,,,,,,,
101250190,Solyc12g010430.1,Solanum lycopersicum,uncharacterized LOC101250190(LOC101250190),,,,,,,,,,,,
544142,Solyc02g084240.3,Solanum lycopersicum,H1 histone-like protein(LOC544142),,,,,,,,,,,,
101246930,Solyc06g048520.3,Solanum lycopersicum,E3 ubiquitin-protein ligase RNFT1-like(LOC101246930),,,,,,,,,,,,
101254101,Solyc06g075790.3,Solanum lycopersicum,uncharacterized LOC101254101(LOC101254101),,,,,,,,,,,,
101256765,Solyc04g008310.2,Solanum lycopersicum,zeatin O-xylosyltransferase-like(LOC101256765),,,,,,,,,,,,
101246727,Solyc06g074620.3,Solanum lycopersicum,uncharacterized protein At4g22758(LOC101246727),,,,,,,,,,,,
101266533,Solyc07g053050.1,Solanum lycopersicum,calcium-binding protein KRP1(LOC101266533),,,,,,,,,,,,
101244548,Solyc02g068280.3,Solanum lycopersicum,subtilisin-like protease SBT3.5(LOC101244548),,,,,,,,,,,,
101254581,Solyc03g119970.3,Solanum lycopersicum,plastidic ATP/ADP-transporter-like(LOC101254581),,,,,,,,,,,,
101243692,Solyc03g115850.3,Solanum lycopersicum,NAC domain-containing protein(LOC101243692),,,,,,,,,,,,
101245634,Solyc03g114360.3,Solanum lycopersicum,probable inactive poly [ADP-ribose] polymerase SRO5(LOC101245634),,,,,,,,,,,,
101264118,Solyc05g012110.3,Solanum lycopersicum,probable 6-phosphogluconolactonase 1(LOC101264118),,,,,,,,,,,,
101266537,Solyc07g064900.3,Solanum lycopersicum,uncharacterized LOC101266537(LOC101266537),,,,,,,,,,,,
101246721,Solyc05g053090.2,Solanum lycopersicum,scarecrow-like protein 14(LOC101246721),,,,,,,,,,,,
101268729,Solyc10g076250.2,Solanum lycopersicum,"alanine--glyoxylate aminotransferase 2 homolog 2, mitochondrial(LOC101268729)",,,,,,,,,,,,
101263275,Solyc11g056650.2,Solanum lycopersicum,transcription factor bHLH81(LOC101263275),,,,,,,,,,,,
101247807,Solyc04g009960.3,Solanum lycopersicum,probable low-specificity L-threonine aldolase 1(LOC101247807),,,,,,,,,,,,
544124,Solyc05g007510.3,Solanum lycopersicum,RNA-directed RNA polymerase(RdRP),,,,,,,,,,,,
101267632,Solyc08g080540.3,Solanum lycopersicum,heat stress transcription factor B-2b(LOC101267632),,,,,,,,,,,,
101246954,Solyc09g007790.1,Solanum lycopersicum,uncharacterized LOC101246954(LOC101246954),,,,,,,,,,,,
101263038,Solyc07g005400.3,Solanum lycopersicum,transcription factor bHLH82-like(LOC101263038),,,,,,,,,,,,
101252588,Solyc05g050220.3,Solanum lycopersicum,transcriptional activator TAF-1-like(LOC101252588),,,,,,,,,,,,
101264574,Solyc10g083690.3,Solanum lycopersicum,cytochrome P450 76A2-like(LOC101264574),,,,,,,,,,,,
101267605,Solyc05g013530.3,Solanum lycopersicum,uncharacterized LOC101267605(LOC101267605),,,,,,,,,,,,
101265663,Solyc08g083060.3,Solanum lycopersicum,metal-nicotianamine transporter YSL1(LOC101265663),,,,,,,,,,,,
101264330,Solyc06g009390.3,Solanum lycopersicum,probable protein phosphatase 2C 47(LOC101264330),,,,,,,,,,,,
101266759,Solyc01g090740.3,Solanum lycopersicum,uncharacterized LOC101266759(LOC101266759),,,,,,,,,,,,
101265426,Solyc04g007980.3,Solanum lycopersicum,1-aminocyclopropane-1-carboxylate oxidase homolog 4(LOC101265426),,,,,,,,,,,,
543526,Solyc12g013620.2,Solanum lycopersicum,jasmonic acid 2(JA2),,,,,,,,,,,,
101251242,Solyc02g086800.3,Solanum lycopersicum,probable phospholipid-transporting ATPase 8(LOC101251242),,,,,,,,,,,,
101255604,Solyc07g006145.1,Solanum lycopersicum,cytochrome P450 CYP72A219(LOC101255604),,,,,,,,,,,,
543521,Solyc07g007120.3,Solanum lycopersicum,homeobox protein knotted-1-like LET12(T12),,,,,,,,,,,,
101254991,Solyc04g063380.3,Solanum lycopersicum,F-box protein SKP2B(LOC101254991),,,,,,,,,,,,
101262162,Solyc02g091240.1,Solanum lycopersicum,protein PIN-LIKES 2(LOC101262162),,,,,,,,,,,,
101265673,Solyc01g067680.3,Solanum lycopersicum,tubby-like F-box protein 6(LOC101265673),,,,,,,,,,,,
101263011,Solyc03g120110.3,Solanum lycopersicum,G-type lectin S-receptor-like serine/threonine-protein kinase CES101(LOC101263011),,,,,,,,,,,,
101265430,Solyc04g064870.3,Solanum lycopersicum,protein early flowering 2-like(LOC101265430),,,,,,,,,,,,
101251035,Solyc01g095900.3,Solanum lycopersicum,protein TSS-like(LOC101251035),,,,,,,,,,,,
101250189,Solyc12g005910.2,Solanum lycopersicum,uncharacterized LOC101250189(LOC101250189),,,,,,,,,,,,
543516,Solyc07g007790.3,Solanum lycopersicum,sucrose-phosphate synthase(sps),,,,,,,,,,,,
101257817,Solyc10g074790.2,Solanum lycopersicum,protein PIN-LIKES 6(LOC101257817),,,,,,,,,,,,
101256961,Solyc03g115370.3,Solanum lycopersicum,diacylglycerol kinase 1-like(LOC101256961),,,,,,,,,,,,
101261040,Solyc07g007660.1,Solanum lycopersicum,uncharacterized LOC101261040(LOC101261040),,,,,,,,,,,,
101264793,Solyc03g013440.3,Solanum lycopersicum,amino acid transporter AVT1J-like(LOC101264793),,,,,,,,,,,,
101267829,Solyc08g006510.3,Solanum lycopersicum,"uncharacterized protein At1g32220, chloroplastic(LOC101267829)",,,,,,,,,,,,
101244740,Solyc11g066740.2,Solanum lycopersicum,reticulata-related protein(LOC101244740),,,,,,,,,,,,
101250181,Solyc11g020230.1,Solanum lycopersicum,serine/threonine-protein kinase-like protein CCR4(LOC101250181),,,,,,,,,,,,
101263469,Solyc01g101140.3,Solanum lycopersicum,uncharacterized LOC101263469(LOC101263469),,,,,,,,,,,,
101263226,Solyc07g053200.3,Solanum lycopersicum,universal stress protein PHOS32-like(LOC101263226),,,,,,,,,,,,
101254537,Solyc01g104140.3,Solanum lycopersicum,phosphatidylinositol 4-phosphate 5-kinase 8(LOC101254537),,,,,,,,,,,,
543986,Solyc01g008620.3,Solanum lycopersicum,"beta-1,3-glucanase(LOC543986)",,,,,,,,,,,,
100750255,Solyc05g056040.3,Solanum lycopersicum,auxin response factor 24(ARF24),,,,,,,,,,,,
100750252,Solyc03g116390.3,Solanum lycopersicum,late embryogenesis abundant protein(LOC100750252),,,,,,,,,,,,
543990,Solyc12g094620.2,Solanum lycopersicum,catalase(cat1),,,,,,,,,,,,
543993,Solyc09g065540.3,Solanum lycopersicum,"methylcrotonoyl-CoA carboxylase subunit alpha, mitochondrial(LOC543993)",,,,,,,,,,,,
101265657,Solyc07g032230.3,Solanum lycopersicum,uncharacterized LOC101265657(LOC101265657),,,,,,,,,,,,
101247196,Solyc12g089220.2,Solanum lycopersicum,bifunctional nuclease 1(LOC101247196),,,,,,,,,,,,
101251216,Solyc09g007530.3,Solanum lycopersicum,uncharacterized LOC101251216(LOC101251216),,,,,,,,,,,,
101251456,Solyc03g123370.3,Solanum lycopersicum,"probable GTP diphosphokinase RSH2, chloroplastic(LOC101251456)",,,,,,,,,,,,
101253631,Solyc01g109910.3,Solanum lycopersicum,uncharacterized LOC101253631(LOC101253631),,,,,,,,,,,,
101253874,Solyc03g098210.3,Solanum lycopersicum,cyclic nucleotide gated channel 15(CNGC15),,,,,,,,,,,,
101260175,Solyc01g091690.3,Solanum lycopersicum,probable methyltransferase PMT15(LOC101260175),,,,,,,,,,,,
101263441,Solyc08g065610.3,Solanum lycopersicum,vacuolar processing enzyme VPE3(VPE3),,,,,,,,,,,,
101260171,Solyc01g066430.3,Solanum lycopersicum,RING-H2 finger protein ATL2(LOC101260171),,,,,,,,,,,,
101253864,Solyc12g014010.2,Solanum lycopersicum,UDP-glucose flavonoid 3-O-glucosyltransferase 6(LOC101253864),,,,,,,,,,,,
101252773,Solyc04g071870.1,Solanum lycopersicum,leucine-rich repeat receptor protein kinase EMS1(LOC101252773),,,,,,,,,,,,
101250112,Solyc04g079940.3,Solanum lycopersicum,uncharacterized LOC101250112(LOC101250112),,,,,,,,,,,,
101251684,Solyc06g008760.1,Solanum lycopersicum,glutaredoxin-C13(LOC101251684),,,,,,,,,,,,
101244909,Solyc01g105120.3,Solanum lycopersicum,protein LNK1(LNK1),,,,,,,,,,,,
101250358,Solyc02g081970.3,Solanum lycopersicum,vacuolar-sorting receptor 6(LOC101250358),,,,,,,,,,,,
101263696,Solyc04g054930.3,Solanum lycopersicum,probable trehalose-phosphate phosphatase J(LOC101263696),,,,,,,,,,,,
101266721,Solyc05g012210.3,Solanum lycopersicum,ninja-family protein AFP3(LOC101266721),,,,,,,,,,,,
101264781,Solyc11g017270.2,Solanum lycopersicum,leucine-rich repeat receptor-like tyrosine-protein kinase PXC3(LOC101264781),,,,,,,,,,,,
101267816,Solyc06g071750.3,Solanum lycopersicum,uncharacterized LOC101267816(LOC101267816),,,,,,,,,,,,
101258079,Solyc07g055840.3,Solanum lycopersicum,"citrate synthase 3, peroxisomal-like(LOC101258079)",,,,,,,,,,,,
101251234,Solyc10g076810.1,Solanum lycopersicum,uncharacterized LOC101251234(LOC101251234),,,,,,,,,,,,
101248067,Solyc02g082060.2,Solanum lycopersicum,deSI-like protein At4g17486(LOC101248067),,,,,,,,,,,,
101252563,Solyc03g095510.3,Solanum lycopersicum,serine/threonine-protein kinase AtPK2/AtPK19(LOC101252563),,,,,,,,,,,,
778275,Solyc06g068160.3,Solanum lycopersicum,SNF4 protein(SNF4),,,,,,,,,,,,
101248063,Solyc02g092970.3,Solanum lycopersicum,ADP-ribosylation factor 2-B-like(LOC101248063),,,,,,,,,,,,
101253418,Solyc09g065020.3,Solanum lycopersicum,probable F-box protein At2g36090(LOC101253418),,,,,,,,,,,,
101254509,Solyc08g082440.3,Solanum lycopersicum,UDP-glucose 4-epimerase GEPI48(LOC101254509),,,,,,,,,,,,
101255830,Solyc09g074660.3,Solanum lycopersicum,spermatogenesis-associated protein 20(LOC101255830),,,,,,,,,,,,
101250146,Solyc09g014450.3,Solanum lycopersicum,clathrin light chain 2(LOC101250146),,,,,,,,,,,,
101254501,Solyc06g068620.3,Solanum lycopersicum,uncharacterized LOC101254501(LOC101254501),,,,,,,,,,,,
101261485,Solyc02g084500.2,Solanum lycopersicum,UPF0183 protein At3g51130(LOC101261485),,,,,,,,,,,,
101259193,Solyc01g080150.3,Solanum lycopersicum,adenylate isopentenyltransferase 3(IPT3),,,,,,,,,,,,
101249144,Solyc02g063520.3,Solanum lycopersicum,homeobox-leucine zipper protein HAT22(LOC101249144),,,,,,,,,,,,
101253648,Solyc02g080530.3,Solanum lycopersicum,peroxidase 42(LOC101253648),,,,,,,,,,,,
101248294,Solyc05g007890.3,Solanum lycopersicum,myb family transcription factor PHL8(LOC101248294),,,,,,,,,,,,
101249141,Solyc02g069260.3,Solanum lycopersicum,argonaute 2A(AGO2A),,,,,,,,,,,,
101255829,Solyc09g075890.3,Solanum lycopersicum,uncharacterized LOC101255829(LOC101255829),,,,,,,,,,,,
101253408,Solyc08g078760.1,Solanum lycopersicum,uncharacterized LOC101253408(LOC101253408),,,,,,,,,,,,
100191126,Solyc06g005500.3,Solanum lycopersicum,protein kinase 1b(TPK1b),,,,,,,,,,,,
101260164,Solyc08g076860.3,Solanum lycopersicum,uncharacterized LOC101260164(LOC101260164),,,,,,,,,,,,
101261019,Solyc04g071030.1,Solanum lycopersicum,U-box domain-containing protein 28-like(LOC101261019),,,,,,,,,,,,
101243841,Solyc10g085130.2,Solanum lycopersicum,E3 ubiquitin-protein ligase AIRP2(LOC101243841),,,,,,,,,,,,
101263679,Solyc03g078490.3,Solanum lycopersicum,linamarin synthase 1-like(LOC101263679),,,,,,,,,,,,
101247398,Solyc11g068950.2,Solanum lycopersicum,BEL1-like homeodomain protein 1(LOC101247398),,,,,,,,,,,,
101252505,Solyc07g041900.3,Solanum lycopersicum,cysteine proteinase 3(Cyp-3),,,,,,,,,,,,
101250322,Solyc07g065320.3,Solanum lycopersicum,ABC transporter C family member 5(ABCC5),,,,,,,,,,,,
101264731,Solyc06g053220.3,Solanum lycopersicum,homeobox-leucine zipper protein ATHB-12(LOC101264731),,,,,,,,,,,,
101261461,Solyc10g007280.3,Solanum lycopersicum,AAA-ATPase At3g50940-like(LOC101261461),,,,,,,,,,,,
101260132,Solyc04g077870.3,Solanum lycopersicum,calcium-transporting ATPase 1(LOC101260132),,,,,,,,,,,,
101259371,Solyc01g096200.3,Solanum lycopersicum,U-box domain-containing protein 44-like(LOC101259371),,,,,,,,,,,,
101258285,Solyc08g016415.1,Solanum lycopersicum,uncharacterized LOC101258285(LOC101258285),,,,,,,,,,,,
101261228,Solyc05g009650.3,Solanum lycopersicum,uncharacterized LOC101261228(LOC101261228),,,,,,,,,,,,
101263888,Solyc12g099430.2,Solanum lycopersicum,epoxide hydrolase A(LOC101263888),,,,,,,,,,,,
101251641,Solyc02g085600.1,Solanum lycopersicum,scarecrow-like protein 15(LOC101251641),,,,,,,,,,,,
101247382,Solyc02g089400.3,Solanum lycopersicum,amino acid transporter AVT6A(LOC101247382),,,,,,,,,,,,
100037497,Solyc11g012510.2,Solanum lycopersicum,GRAS1 protein(GRAS1),,,,,,,,,,,,
101249565,Solyc08g005610.3,Solanum lycopersicum,abscisic acid 8'-hydroxylase CYP707A2(CYP707A2),,,,,,,,,,,,
543923,Solyc07g062970.3,Solanum lycopersicum,protein phosphatase 2C(DIG3),,,,,,,,,,,,
101249561,Solyc07g008280.3,Solanum lycopersicum,uncharacterized LOC101249561(LOC101249561),,,,,,,,,,,,
543928,Solyc09g007870.3,Solanum lycopersicum,ethylene-insensitive protein 2(EIN2),,,,,,,,,,,,
101263892,Solyc03g114710.3,Solanum lycopersicum,UDP-glycosyltransferase 89B2(LOC101263892),,,,,,,,,,,,
101251639,Solyc02g088090.1,Solanum lycopersicum,probable calcium-binding protein CML30(LOC101251639),,,,,,,,,,,,
101263419,Solyc06g071440.3,Solanum lycopersicum,CASP-like protein 4A3(LOC101263419),,,,,,,,,,,,
101248477,Solyc04g076030.2,Solanum lycopersicum,transcription factor bHLH143-like(LOC101248477),,,,,,,,,,,,
101266924,Solyc03g112297.1,Solanum lycopersicum,uncharacterized LOC101266924(LOC101266924),,,,,,,,,,,,
100037499,Solyc04g064550.1,Solanum lycopersicum,GRAS6 protein(GRAS6),,,,,,,,,,,,
100037498,Solyc01g100200.3,Solanum lycopersicum,GRAS4(GRAS4),,,,,,,,,,,,
101265833,Solyc06g067980.3,Solanum lycopersicum,uncharacterized LOC101265833(LOC101265833),,,,,,,,,,,,
101262567,Solyc10g005040.3,Solanum lycopersicum,NDR1/HIN1-like protein 1(LOC101262567),,,,,,,,,,,,
101250584,Solyc12g098900.2,Solanum lycopersicum,late embryogenesis abundant protein D-29(LOC101250584),,,,,,,,,,,,
101251432,Solyc02g090390.3,Solanum lycopersicum,serine/threonine-protein kinase SRK2I(LOC101251432),,,,,,,,,,,,
101254702,Solyc06g071770.3,Solanum lycopersicum,protein NBR1 homolog(LOC101254702),,,,,,,,,,,,
100301928,Solyc07g040960.1,Solanum lycopersicum,salt responsive protein 2(SRG2),,,,,,,,,,,,
101248260,Solyc02g080880.3,Solanum lycopersicum,aspartic proteinase(LOC101248260),,,,,,,,,,,,
101246087,Solyc09g075140.3,Solanum lycopersicum,caffeoylshikimate esterase(LOC101246087),,,,,,,,,,,,
101250104,Solyc03g114150.3,Solanum lycopersicum,aldehyde dehydrogenase family 2 member B7a(ALDH2B7a),,,,,,,,,,,,
101259394,Solyc11g013880.1,Solanum lycopersicum,G-type lectin S-receptor-like serine/threonine-protein kinase At1g34300(LOC101259394),,,,,,,,,,,,
101258062,Solyc04g064530.1,Solanum lycopersicum,uncharacterized LOC101258062(LOC101258062),,,,,,,,,,,,
101248026,Solyc07g063410.3,Solanum lycopersicum,JA2-like(JA2L),,,,,,,,,,,,
101264953,Solyc07g064860.2,Solanum lycopersicum,uncharacterized LOC101264953(LOC101264953),,,,,,,,,,,,
100301918,Solyc07g063940.2,Solanum lycopersicum,GRAS2 protein(GRAS2),,,,,,,,,,,,
101249583,Solyc09g092430.3,Solanum lycopersicum,selenium-binding protein 2(LOC101249583),,,,,,,,,,,,
101263872,Solyc11g068620.2,Solanum lycopersicum,NAC domain-containing protein 90(LOC101263872),,,,,,,,,,,,
101261451,Solyc01g080220.3,Solanum lycopersicum,"endo-1,3;1,4-beta-D-glucanase-like(LOC101261451)",,,,,,,,,,,,
101263630,Solyc08g083130.3,Solanum lycopersicum,homeobox-leucine zipper protein ATHB-7-like(LOC101263630),,,,,,,,,,,,
101261694,Solyc03g083000.3,Solanum lycopersicum,uncharacterized LOC101261694(LOC101261694),,,,,,,,,,,,
101261459,Solyc01g099980.3,Solanum lycopersicum,glycine-rich domain-containing protein 2(LOC101261459),,,,,,,,,,,,
101264726,Solyc06g006080.3,Solanum lycopersicum,thiamine biosynthesis protein ThiC(THIC),,,,,,,,,,,,
101263877,Solyc03g007870.3,Solanum lycopersicum,heavy metal-associated isoprenylated plant protein 39(LOC101263877),,,,,,,,,,,,
543736,Solyc12g008840.2,Solanum lycopersicum,beta-galactosidase 4(TBG4),,,,,,,,,,,,
101268294,Solyc07g065930.3,Solanum lycopersicum,BTB/POZ domain-containing protein At1g55760(LOC101268294),,,,,,,,,,,,
543731,Solyc07g042550.3,Solanum lycopersicum,sucrose synthase(sus3),,,,,,,,,,,,
101268298,Solyc08g023440.3,Solanum lycopersicum,CSC1-like protein ERD4(LOC101268298),,,,,,,,,,,,
100301943,Solyc02g086930.3,Solanum lycopersicum,leucine-zipper transcription factor HD1(hb-1),,,,,,,,,,,,
101258009,Solyc01g104300.3,Solanum lycopersicum,uncharacterized LOC101258009(LOC101258009),,,,,,,,,,,,
101250763,Solyc11g020280.2,Solanum lycopersicum,receptor protein-tyrosine kinase CEPR2(LOC101250763),,,,,,,,,,,,
101250521,Solyc07g006370.1,Solanum lycopersicum,cation/calcium exchanger 1-like(LOC101250521),,,,,,,,,,,,
101268290,Solyc07g005610.3,Solanum lycopersicum,uncharacterized LOC101268290(LOC101268290),,,,,,,,,,,,
101251606,Solyc08g082610.3,Solanum lycopersicum,B2 protein(LOC101251606),,,,,,,,,,,,
101246027,Solyc03g025450.3,Solanum lycopersicum,U-box domain-containing protein 32(LOC101246027),,,,,,,,,,,,
101246025,Solyc03g025970.3,Solanum lycopersicum,methyl-CpG-binding domain-containing protein 13(LOC101246025),,,,,,,,,,,,
101246267,Solyc07g063470.1,Solanum lycopersicum,uncharacterized LOC101246267(LOC101246267),,,,,,,,,,,,
101261424,Solyc06g082920.3,Solanum lycopersicum,probably inactive leucine-rich repeat receptor-like protein kinase At5g48380(LOC101261424),,,,,,,,,,,,
104645741,Solyc02g084960.1,Solanum lycopersicum,uncharacterized LOC104645741(LOC104645741),,,,,,,,,,,,
101250999,Solyc06g051360.3,Solanum lycopersicum,gibberellin 2-beta-dioxygenase 3(LOC101250999),,,,,,,,,,,,
101250515,Solyc06g071000.3,Solanum lycopersicum,probable aldehyde dehydrogenase(ADH12A1),,,,,,,,,,,,
101256298,Solyc06g068540.3,Solanum lycopersicum,uncharacterized LOC101256298(LOC101256298),,,,,,,,,,,,
101250514,Solyc06g072130.3,Solanum lycopersicum,probable aquaporin TIP3-2(LOC101250514),,,,,,,,,,,,
101256055,Solyc02g071780.3,Solanum lycopersicum,MACPF domain-containing protein CAD1(LOC101256055),,,,,,,,,,,,
101247345,Solyc07g062250.3,Solanum lycopersicum,uncharacterized LOC101247345(LOC101247345),,,,,,,,,,,,
101264704,Solyc03g032150.3,Solanum lycopersicum,probable serine/threonine-protein kinase PIX13(LOC101264704),,,,,,,,,,,,
101260101,Solyc02g078840.3,Solanum lycopersicum,secretory carrier-associated membrane protein 2(LOC101260101),,,,,,,,,,,,
101248434,Solyc10g046970.2,Solanum lycopersicum,tubby-like F-box protein 8(LOC101248434),,,,,,,,,,,,
101260346,Solyc05g052470.3,Solanum lycopersicum,"ferritin-2, chloroplastic(LOC101260346)",,,,,,,,,,,,
101264700,Solyc11g069700.2,Solanum lycopersicum,elongation factor 1-alpha(LOC101264700),,,,,,,,,,,,
101262765,Solyc11g005380.2,Solanum lycopersicum,trihelix transcription factor GT-2(LOC101262765),,,,,,,,,,,,
101247106,Solyc12g019960.2,Solanum lycopersicum,protein SMG7-like(LOC101247106),,,,,,,,,,,,
101249794,Solyc03g007230.3,Solanum lycopersicum,protein phosphatase 2C 51-like(LOC101249794),,,,,,,,,,,,
101254900,Solyc05g053850.3,Solanum lycopersicum,protein SELF PRUNING 5G(SP5G),,,,,,,,,,,,
101245191,Solyc08g076870.1,Solanum lycopersicum,uncharacterized LOC101245191(LOC101245191),,,,,,,,,,,,
101248223,Solyc08g062360.3,Solanum lycopersicum,ankyrin repeat-containing protein At5g02620(LOC101248223),,,,,,,,,,,,
101246280,Solyc01g087180.3,Solanum lycopersicum,uncharacterized LOC101246280(LOC101246280),,,,,,,,,,,,
101261639,Solyc08g008410.3,Solanum lycopersicum,protein NLP7-like(LOC101261639),,,,,,,,,,,,
101248461,Solyc03g063730.3,Solanum lycopersicum,protein DETOXIFICATION 21(LOC101248461),,,,,,,,,,,,
101252968,Solyc03g122310.3,Solanum lycopersicum,aldehyde dehydrogenase family 7 member B4(LOC101252968),,,,,,,,,,,,
101258267,Solyc06g009110.3,Solanum lycopersicum,aspartic proteinase Asp1(LOC101258267),,,,,,,,,,,,
101252966,Solyc12g088190.2,Solanum lycopersicum,amino acid permease 6(LOC101252966),,,,,,,,,,,,
101245190,Solyc08g081680.2,Solanum lycopersicum,protein LURP-one-related 8-like(LOC101245190),,,,,,,,,,,,
101260794,Solyc03g006500.3,Solanum lycopersicum,cold-responsive protein kinase 1(LOC101260794),,,,,,,,,,,,
101248467,Solyc03g119200.3,Solanum lycopersicum,L-Ala-D/L-amino acid epimerase(LOC101248467),,,,,,,,,,,,
101260554,Solyc07g064020.3,Solanum lycopersicum,21.7 kDa class VI heat shock protein(LOC101260554),,,,,,,,,,,,
101248469,Solyc03g116470.2,Solanum lycopersicum,uncharacterized LOC101248469(LOC101248469),,,,,,,,,,,,
543701,Solyc06g075690.3,Solanum lycopersicum,auxin-regulated protein(LOC543701),,,,,,,,,,,,
101261408,Solyc04g079300.3,Solanum lycopersicum,uncharacterized LOC101261408(LOC101261408),,,,,,,,,,,,
101263827,Solyc07g017780.3,Solanum lycopersicum,H(+)-ATPase 4(LHA4),,,,,,,,,,,,
101260320,Solyc12g070080.2,Solanum lycopersicum,fatty acid amide hydrolase-like(LOC101260320),,,,,,,,,,,,
101260562,Solyc09g015670.3,Solanum lycopersicum,vacuolar-sorting receptor 1-like(LOC101260562),,,,,,,,,,,,
101247368,Solyc01g091030.3,Solanum lycopersicum,auxin-induced protein 10A5(LOC101247368),,,,,,,,,,,,
101246277,Solyc01g079600.3,Solanum lycopersicum,"phospholipase A1 PLIP2, chloroplastic(LOC101246277)",,,,,,,,,,,,
101248455,Solyc12g005860.2,Solanum lycopersicum,"aconitate hydratase, cytoplasmic(LOC101248455)",,,,,,,,,,,,
101263832,Solyc08g061250.3,Solanum lycopersicum,probable serine/threonine-protein kinase PBL12(LOC101263832),,,,,,,,,,,,
